<?xml version="1.0" encoding="utf-8"?>
<merger version="3"><dataSet config=":EO-GameSDK" ignore_pattern="!.svn:!.git:!.ds_store:!*.scc:.*:&lt;dir>_*:!CVS:!thumbs.db:!picasa.ini:!*~"><source path="D:\workplace_20200310\EO-GameSDK\build\intermediates\library_assets\debug\out"/></dataSet><dataSet config="main" ignore_pattern="!.svn:!.git:!.ds_store:!*.scc:.*:&lt;dir>_*:!CVS:!thumbs.db:!picasa.ini:!*~"><source path="D:\workplace_20200310\EODemo\assets"/><source path="D:\workplace_20200310\EODemo\build\intermediates\shader_assets\debug\compileDebugShaders\out"/></dataSet><dataSet config="debug" ignore_pattern="!.svn:!.git:!.ds_store:!*.scc:.*:&lt;dir>_*:!CVS:!thumbs.db:!picasa.ini:!*~"><source path="D:\workplace_20200310\EODemo\build-types\debug\assets"/></dataSet></merger>