{
    "logs": [
        {
            "outputFile": "D:\\workplace_20200310\\EODemo\\build\\intermediates\\incremental\\mergeDebugResources\\merged.dir\\values-tl\\values-tl.xml",
            "map": [
                {
                    "source": "C:\\Users\\Administrator\\.gradle\\caches\\transforms-2\\files-2.1\\0cc8fc51745617bc8893e734f3da3890\\res\\values-tl\\values-tl.xml",
                    "from": {
                        "startLines": "2",
                        "startColumns": "4",
                        "startOffsets": "55",
                        "endColumns": "100",
                        "endOffsets": "151"
                    },
                    "to": {
                        "startLines": "42",
                        "startColumns": "4",
                        "startOffsets": "4523",
                        "endColumns": "100",
                        "endOffsets": "4619"
                    }
                },
                {
                    "source": "C:\\Users\\Administrator\\.gradle\\caches\\transforms-2\\files-2.1\\7a1c7f15582070a164abe18a772c4fa2\\res\\values-tl\\values-tl.xml",
                    "from": {
                        "startLines": "2,3,4,5,6,7,8,9,10,11,12,13,14,15,16,17,18,19,20,21,22,23",
                        "startColumns": "4,4,4,4,4,4,4,4,4,4,4,4,4,4,4,4,4,4,4,4,4,4",
                        "startOffsets": "55,228,372,535,622,709,789,880,973,1094,1204,1299,1394,1500,1624,1707,1791,1984,2077,2179,2297,2411",
                        "endColumns": "172,143,162,86,86,79,90,92,120,109,94,94,105,123,82,83,192,92,101,117,113,156",
                        "endOffsets": "223,367,530,617,704,784,875,968,1089,1199,1294,1389,1495,1619,1702,1786,1979,2072,2174,2292,2406,2563"
                    },
                    "to": {
                        "startLines": "19,20,21,22,23,24,25,26,27,28,29,30,31,32,33,34,35,36,37,38,39,40",
                        "startColumns": "4,4,4,4,4,4,4,4,4,4,4,4,4,4,4,4,4,4,4,4,4,4",
                        "startOffsets": "1926,2099,2243,2406,2493,2580,2660,2751,2844,2965,3075,3170,3265,3371,3495,3578,3662,3855,3948,4050,4168,4282",
                        "endColumns": "172,143,162,86,86,79,90,92,120,109,94,94,105,123,82,83,192,92,101,117,113,156",
                        "endOffsets": "2094,2238,2401,2488,2575,2655,2746,2839,2960,3070,3165,3260,3366,3490,3573,3657,3850,3943,4045,4163,4277,4434"
                    }
                },
                {
                    "source": "C:\\Users\\Administrator\\.gradle\\caches\\transforms-2\\files-2.1\\0519992c238d843ded62a6126a94e447\\res\\values-tl\\values-tl.xml",
                    "from": {
                        "startLines": "2,3,4,5,6,7,8,9,10,11,12,13,14,15,16,17,18,19",
                        "startColumns": "4,4,4,4,4,4,4,4,4,4,4,4,4,4,4,4,4,4",
                        "startOffsets": "105,224,332,449,537,643,764,843,921,1005,1114,1225,1326,1436,1553,1661,1824,1926",
                        "endColumns": "118,107,116,87,105,120,78,77,83,108,110,100,109,116,107,162,101,83",
                        "endOffsets": "219,327,444,532,638,759,838,916,1000,1109,1220,1321,1431,1548,1656,1819,1921,2005"
                    },
                    "to": {
                        "startLines": "2,3,4,5,6,7,8,9,10,11,12,13,14,15,16,17,18,41",
                        "startColumns": "4,4,4,4,4,4,4,4,4,4,4,4,4,4,4,4,4,4",
                        "startOffsets": "105,224,332,449,537,643,764,843,921,1005,1114,1225,1326,1436,1553,1661,1824,4439",
                        "endColumns": "118,107,116,87,105,120,78,77,83,108,110,100,109,116,107,162,101,83",
                        "endOffsets": "219,327,444,532,638,759,838,916,1000,1109,1220,1321,1431,1548,1656,1819,1921,4518"
                    }
                }
            ]
        }
    ]
}