{
    "logs": [
        {
            "outputFile": "D:\\workplace_20200310\\EODemo\\build\\intermediates\\incremental\\mergeDebugResources\\merged.dir\\values-fr-rCA\\values-fr-rCA.xml",
            "map": [
                {
                    "source": "C:\\Users\\Administrator\\.gradle\\caches\\transforms-2\\files-2.1\\0cc8fc51745617bc8893e734f3da3890\\res\\values-fr-rCA\\values-fr-rCA.xml",
                    "from": {
                        "startLines": "2",
                        "startColumns": "4",
                        "startOffsets": "55",
                        "endColumns": "100",
                        "endOffsets": "151"
                    },
                    "to": {
                        "startLines": "44",
                        "startColumns": "4",
                        "startOffsets": "4820",
                        "endColumns": "100",
                        "endOffsets": "4916"
                    }
                },
                {
                    "source": "C:\\Users\\Administrator\\.gradle\\caches\\transforms-2\\files-2.1\\7a1c7f15582070a164abe18a772c4fa2\\res\\values-fr-rCA\\values-fr-rCA.xml",
                    "from": {
                        "startLines": "2,3,4,5,6,7,8,9,10,11,12,13,14,15,16,17,18,19,20,21,22,23,24,25",
                        "startColumns": "4,4,4,4,4,4,4,4,4,4,4,4,4,4,4,4,4,4,4,4,4,4,4,4",
                        "startOffsets": "55,218,381,542,655,743,830,910,1000,1097,1212,1326,1424,1522,1631,1747,1872,1955,2040,2240,2334,2444,2566,2678",
                        "endColumns": "162,162,160,112,87,86,79,89,96,114,113,97,97,108,115,124,82,84,199,93,109,121,111,173",
                        "endOffsets": "213,376,537,650,738,825,905,995,1092,1207,1321,1419,1517,1626,1742,1867,1950,2035,2235,2329,2439,2561,2673,2847"
                    },
                    "to": {
                        "startLines": "19,20,21,22,23,24,25,26,27,28,29,30,31,32,33,34,35,36,37,38,39,40,41,42",
                        "startColumns": "4,4,4,4,4,4,4,4,4,4,4,4,4,4,4,4,4,4,4,4,4,4,4,4",
                        "startOffsets": "1937,2100,2263,2424,2537,2625,2712,2792,2882,2979,3094,3208,3306,3404,3513,3629,3754,3837,3922,4122,4216,4326,4448,4560",
                        "endColumns": "162,162,160,112,87,86,79,89,96,114,113,97,97,108,115,124,82,84,199,93,109,121,111,173",
                        "endOffsets": "2095,2258,2419,2532,2620,2707,2787,2877,2974,3089,3203,3301,3399,3508,3624,3749,3832,3917,4117,4211,4321,4443,4555,4729"
                    }
                },
                {
                    "source": "C:\\Users\\Administrator\\.gradle\\caches\\transforms-2\\files-2.1\\0519992c238d843ded62a6126a94e447\\res\\values-fr-rCA\\values-fr-rCA.xml",
                    "from": {
                        "startLines": "2,3,4,5,6,7,8,9,10,11,12,13,14,15,16,17,18,19",
                        "startColumns": "4,4,4,4,4,4,4,4,4,4,4,4,4,4,4,4,4,4",
                        "startOffsets": "105,216,331,442,529,645,775,858,938,1034,1144,1256,1359,1470,1577,1679,1838,1937",
                        "endColumns": "110,114,110,86,115,129,82,79,95,109,111,102,110,106,101,158,98,85",
                        "endOffsets": "211,326,437,524,640,770,853,933,1029,1139,1251,1354,1465,1572,1674,1833,1932,2018"
                    },
                    "to": {
                        "startLines": "2,3,4,5,6,7,8,9,10,11,12,13,14,15,16,17,18,43",
                        "startColumns": "4,4,4,4,4,4,4,4,4,4,4,4,4,4,4,4,4,4",
                        "startOffsets": "105,216,331,442,529,645,775,858,938,1034,1144,1256,1359,1470,1577,1679,1838,4734",
                        "endColumns": "110,114,110,86,115,129,82,79,95,109,111,102,110,106,101,158,98,85",
                        "endOffsets": "211,326,437,524,640,770,853,933,1029,1139,1251,1354,1465,1572,1674,1833,1932,4815"
                    }
                }
            ]
        }
    ]
}