{
    "logs": [
        {
            "outputFile": "D:\\workplace_20200310\\EODemo\\build\\intermediates\\incremental\\mergeDebugResources\\merged.dir\\values-te\\values-te.xml",
            "map": [
                {
                    "source": "C:\\Users\\Administrator\\.gradle\\caches\\transforms-2\\files-2.1\\0cc8fc51745617bc8893e734f3da3890\\res\\values-te\\values-te.xml",
                    "from": {
                        "startLines": "2",
                        "startColumns": "4",
                        "startOffsets": "55",
                        "endColumns": "100",
                        "endOffsets": "151"
                    },
                    "to": {
                        "startLines": "43",
                        "startColumns": "4",
                        "startOffsets": "4625",
                        "endColumns": "100",
                        "endOffsets": "4721"
                    }
                },
                {
                    "source": "C:\\Users\\Administrator\\.gradle\\caches\\transforms-2\\files-2.1\\0519992c238d843ded62a6126a94e447\\res\\values-te\\values-te.xml",
                    "from": {
                        "startLines": "2,3,4,5,6,7,8,9,10,11,12,13,14,15,16,17,18,19",
                        "startColumns": "4,4,4,4,4,4,4,4,4,4,4,4,4,4,4,4,4,4",
                        "startOffsets": "105,219,328,439,529,634,759,841,923,1007,1120,1228,1327,1438,1540,1657,1823,1924",
                        "endColumns": "113,108,110,89,104,124,81,81,83,112,107,98,110,101,116,165,100,81",
                        "endOffsets": "214,323,434,524,629,754,836,918,1002,1115,1223,1322,1433,1535,1652,1818,1919,2001"
                    },
                    "to": {
                        "startLines": "2,3,4,5,6,7,8,9,10,11,12,13,14,15,16,17,18,42",
                        "startColumns": "4,4,4,4,4,4,4,4,4,4,4,4,4,4,4,4,4,4",
                        "startOffsets": "105,219,328,439,529,634,759,841,923,1007,1120,1228,1327,1438,1540,1657,1823,4543",
                        "endColumns": "113,108,110,89,104,124,81,81,83,112,107,98,110,101,116,165,100,81",
                        "endOffsets": "214,323,434,524,629,754,836,918,1002,1115,1223,1322,1433,1535,1652,1818,1919,4620"
                    }
                },
                {
                    "source": "C:\\Users\\Administrator\\.gradle\\caches\\transforms-2\\files-2.1\\7a1c7f15582070a164abe18a772c4fa2\\res\\values-te\\values-te.xml",
                    "from": {
                        "startLines": "2,3,4,5,6,7,8,9,10,11,12,13,14,15,16,17,18,19,20,21,22,23,24",
                        "startColumns": "4,4,4,4,4,4,4,4,4,4,4,4,4,4,4,4,4,4,4,4,4,4,4",
                        "startOffsets": "55,218,363,505,616,704,790,872,965,1054,1167,1279,1380,1481,1591,1719,1801,1894,2086,2182,2283,2395,2508",
                        "endColumns": "162,144,141,110,87,85,81,92,88,112,111,100,100,109,127,81,92,191,95,100,111,112,165",
                        "endOffsets": "213,358,500,611,699,785,867,960,1049,1162,1274,1375,1476,1586,1714,1796,1889,2081,2177,2278,2390,2503,2669"
                    },
                    "to": {
                        "startLines": "19,20,21,22,23,24,25,26,27,28,29,30,31,32,33,34,35,36,37,38,39,40,41",
                        "startColumns": "4,4,4,4,4,4,4,4,4,4,4,4,4,4,4,4,4,4,4,4,4,4,4",
                        "startOffsets": "1924,2087,2232,2374,2485,2573,2659,2741,2834,2923,3036,3148,3249,3350,3460,3588,3670,3763,3955,4051,4152,4264,4377",
                        "endColumns": "162,144,141,110,87,85,81,92,88,112,111,100,100,109,127,81,92,191,95,100,111,112,165",
                        "endOffsets": "2082,2227,2369,2480,2568,2654,2736,2829,2918,3031,3143,3244,3345,3455,3583,3665,3758,3950,4046,4147,4259,4372,4538"
                    }
                }
            ]
        }
    ]
}