{
    "logs": [
        {
            "outputFile": "D:\\workplace_20200310\\EODemo\\build\\intermediates\\incremental\\mergeDebugResources\\merged.dir\\values-zh-rHK\\values-zh-rHK.xml",
            "map": [
                {
                    "source": "C:\\Users\\Administrator\\.gradle\\caches\\transforms-2\\files-2.1\\0519992c238d843ded62a6126a94e447\\res\\values-zh-rHK\\values-zh-rHK.xml",
                    "from": {
                        "startLines": "2,3,4,5,6,7,8,9,10,11,12,13,14,15,16,17,18,19",
                        "startColumns": "4,4,4,4,4,4,4,4,4,4,4,4,4,4,4,4,4,4",
                        "startOffsets": "105,200,293,393,475,572,680,756,832,910,1006,1102,1197,1294,1389,1487,1638,1732",
                        "endColumns": "94,92,99,81,96,107,75,75,77,95,95,94,96,94,97,150,93,77",
                        "endOffsets": "195,288,388,470,567,675,751,827,905,1001,1097,1192,1289,1384,1482,1633,1727,1805"
                    },
                    "to": {
                        "startLines": "2,3,4,5,6,7,8,9,10,11,12,13,14,15,16,17,18,42",
                        "startColumns": "4,4,4,4,4,4,4,4,4,4,4,4,4,4,4,4,4,4",
                        "startOffsets": "105,200,293,393,475,572,680,756,832,910,1006,1102,1197,1294,1389,1487,1638,3951",
                        "endColumns": "94,92,99,81,96,107,75,75,77,95,95,94,96,94,97,150,93,77",
                        "endOffsets": "195,288,388,470,567,675,751,827,905,1001,1097,1192,1289,1384,1482,1633,1727,4024"
                    }
                },
                {
                    "source": "C:\\Users\\Administrator\\.gradle\\caches\\transforms-2\\files-2.1\\7a1c7f15582070a164abe18a772c4fa2\\res\\values-zh-rHK\\values-zh-rHK.xml",
                    "from": {
                        "startLines": "2,3,4,5,6,7,8,9,10,11,12,13,14,15,16,17,18,19,20,21,22,23,24",
                        "startColumns": "4,4,4,4,4,4,4,4,4,4,4,4,4,4,4,4,4,4,4,4,4,4,4",
                        "startOffsets": "55,191,294,405,514,594,677,753,838,923,1031,1133,1219,1305,1396,1505,1583,1662,1785,1878,1974,2080,2174",
                        "endColumns": "135,102,110,108,79,82,75,84,84,107,101,85,85,90,108,77,78,122,92,95,105,93,99",
                        "endOffsets": "186,289,400,509,589,672,748,833,918,1026,1128,1214,1300,1391,1500,1578,1657,1780,1873,1969,2075,2169,2269"
                    },
                    "to": {
                        "startLines": "19,20,21,22,23,24,25,26,27,28,29,30,31,32,33,34,35,36,37,38,39,40,41",
                        "startColumns": "4,4,4,4,4,4,4,4,4,4,4,4,4,4,4,4,4,4,4,4,4,4,4",
                        "startOffsets": "1732,1868,1971,2082,2191,2271,2354,2430,2515,2600,2708,2810,2896,2982,3073,3182,3260,3339,3462,3555,3651,3757,3851",
                        "endColumns": "135,102,110,108,79,82,75,84,84,107,101,85,85,90,108,77,78,122,92,95,105,93,99",
                        "endOffsets": "1863,1966,2077,2186,2266,2349,2425,2510,2595,2703,2805,2891,2977,3068,3177,3255,3334,3457,3550,3646,3752,3846,3946"
                    }
                },
                {
                    "source": "C:\\Users\\Administrator\\.gradle\\caches\\transforms-2\\files-2.1\\0cc8fc51745617bc8893e734f3da3890\\res\\values-zh-rHK\\values-zh-rHK.xml",
                    "from": {
                        "startLines": "2",
                        "startColumns": "4",
                        "startOffsets": "55",
                        "endColumns": "101",
                        "endOffsets": "152"
                    },
                    "to": {
                        "startLines": "43",
                        "startColumns": "4",
                        "startOffsets": "4029",
                        "endColumns": "101",
                        "endOffsets": "4126"
                    }
                }
            ]
        }
    ]
}