{
    "logs": [
        {
            "outputFile": "D:\\workplace_20200310\\EODemo\\build\\intermediates\\incremental\\mergeDebugResources\\merged.dir\\values-v23\\values-v23.xml",
            "map": [
                {
                    "source": "C:\\Users\\Administrator\\.gradle\\caches\\transforms-2\\files-2.1\\0519992c238d843ded62a6126a94e447\\res\\values-v23\\values-v23.xml",
                    "from": {
                        "startLines": "2,3,4,5,6,19,32,33,34,35,36",
                        "startColumns": "4,4,4,4,4,4,4,4,4,4,4",
                        "startOffsets": "55,190,325,400,487,1277,2079,2206,2311,2426,2533",
                        "endLines": "2,3,4,5,18,31,32,33,34,35,36",
                        "endColumns": "134,134,74,86,12,12,126,104,114,106,112",
                        "endOffsets": "185,320,395,482,1272,2074,2201,2306,2421,2528,2641"
                    }
                },
                {
                    "source": "C:\\Users\\Administrator\\.gradle\\caches\\transforms-2\\files-2.1\\70ffceb676e100edb2b033a9e6fe93c4\\res\\values-v23\\values-v23.xml",
                    "from": {
                        "startLines": "2",
                        "startColumns": "4",
                        "startOffsets": "55",
                        "endLines": "4",
                        "endColumns": "12",
                        "endOffsets": "200"
                    },
                    "to": {
                        "startLines": "37",
                        "startColumns": "4",
                        "startOffsets": "2646",
                        "endLines": "39",
                        "endColumns": "12",
                        "endOffsets": "2791"
                    }
                }
            ]
        }
    ]
}