{
    "logs": [
        {
            "outputFile": "D:\\workplace_20200310\\EODemo\\build\\intermediates\\incremental\\mergeDebugResources\\merged.dir\\values-it\\values-it.xml",
            "map": [
                {
                    "source": "C:\\Users\\Administrator\\.gradle\\caches\\transforms-2\\files-2.1\\0519992c238d843ded62a6126a94e447\\res\\values-it\\values-it.xml",
                    "from": {
                        "startLines": "2,3,4,5,6,7,8,9,10,11,12,13,14,15,16,17,18,19",
                        "startColumns": "4,4,4,4,4,4,4,4,4,4,4,4,4,4,4,4,4,4",
                        "startOffsets": "105,214,314,423,507,616,741,818,894,975,1081,1189,1287,1391,1496,1603,1766,1866",
                        "endColumns": "108,99,108,83,108,124,76,75,80,105,107,97,103,104,106,162,99,82",
                        "endOffsets": "209,309,418,502,611,736,813,889,970,1076,1184,1282,1386,1491,1598,1761,1861,1944"
                    },
                    "to": {
                        "startLines": "2,3,4,5,6,7,8,9,10,11,12,13,14,15,16,17,18,42",
                        "startColumns": "4,4,4,4,4,4,4,4,4,4,4,4,4,4,4,4,4,4",
                        "startOffsets": "105,214,314,423,507,616,741,818,894,975,1081,1189,1287,1391,1496,1603,1766,4458",
                        "endColumns": "108,99,108,83,108,124,76,75,80,105,107,97,103,104,106,162,99,82",
                        "endOffsets": "209,309,418,502,611,736,813,889,970,1076,1184,1282,1386,1491,1598,1761,1861,4536"
                    }
                },
                {
                    "source": "C:\\Users\\Administrator\\.gradle\\caches\\transforms-2\\files-2.1\\0cc8fc51745617bc8893e734f3da3890\\res\\values-it\\values-it.xml",
                    "from": {
                        "startLines": "2",
                        "startColumns": "4",
                        "startOffsets": "55",
                        "endColumns": "100",
                        "endOffsets": "151"
                    },
                    "to": {
                        "startLines": "43",
                        "startColumns": "4",
                        "startOffsets": "4541",
                        "endColumns": "100",
                        "endOffsets": "4637"
                    }
                },
                {
                    "source": "C:\\Users\\Administrator\\.gradle\\caches\\transforms-2\\files-2.1\\7a1c7f15582070a164abe18a772c4fa2\\res\\values-it\\values-it.xml",
                    "from": {
                        "startLines": "2,3,4,5,6,7,8,9,10,11,12,13,14,15,16,17,18,19,20,21,22,23,24",
                        "startColumns": "4,4,4,4,4,4,4,4,4,4,4,4,4,4,4,4,4,4,4,4,4,4,4",
                        "startOffsets": "55,220,361,525,638,723,812,902,992,1081,1194,1301,1389,1477,1587,1716,1797,1883,2072,2170,2272,2386,2492",
                        "endColumns": "164,140,163,112,84,88,89,89,88,112,106,87,87,109,128,80,85,188,97,101,113,105,154",
                        "endOffsets": "215,356,520,633,718,807,897,987,1076,1189,1296,1384,1472,1582,1711,1792,1878,2067,2165,2267,2381,2487,2642"
                    },
                    "to": {
                        "startLines": "19,20,21,22,23,24,25,26,27,28,29,30,31,32,33,34,35,36,37,38,39,40,41",
                        "startColumns": "4,4,4,4,4,4,4,4,4,4,4,4,4,4,4,4,4,4,4,4,4,4,4",
                        "startOffsets": "1866,2031,2172,2336,2449,2534,2623,2713,2803,2892,3005,3112,3200,3288,3398,3527,3608,3694,3883,3981,4083,4197,4303",
                        "endColumns": "164,140,163,112,84,88,89,89,88,112,106,87,87,109,128,80,85,188,97,101,113,105,154",
                        "endOffsets": "2026,2167,2331,2444,2529,2618,2708,2798,2887,3000,3107,3195,3283,3393,3522,3603,3689,3878,3976,4078,4192,4298,4453"
                    }
                }
            ]
        }
    ]
}