{
    "logs": [
        {
            "outputFile": "D:\\workplace_20200310\\EODemo\\build\\intermediates\\incremental\\mergeDebugResources\\merged.dir\\values-ta\\values-ta.xml",
            "map": [
                {
                    "source": "C:\\Users\\Administrator\\.gradle\\caches\\transforms-2\\files-2.1\\7a1c7f15582070a164abe18a772c4fa2\\res\\values-ta\\values-ta.xml",
                    "from": {
                        "startLines": "2,3,4,5,6,7,8,9,10,11,12,13,14,15,16,17,18,19,20,21,22,23,24",
                        "startColumns": "4,4,4,4,4,4,4,4,4,4,4,4,4,4,4,4,4,4,4,4,4,4,4",
                        "startOffsets": "55,229,369,502,613,701,799,877,969,1064,1179,1294,1386,1478,1588,1727,1810,1892,2082,2180,2284,2395,2513",
                        "endColumns": "173,139,132,110,87,97,77,91,94,114,114,91,91,109,138,82,81,189,97,103,110,117,170",
                        "endOffsets": "224,364,497,608,696,794,872,964,1059,1174,1289,1381,1473,1583,1722,1805,1887,2077,2175,2279,2390,2508,2679"
                    },
                    "to": {
                        "startLines": "19,20,21,22,23,24,25,26,27,28,29,30,31,32,33,34,35,36,37,38,39,40,41",
                        "startColumns": "4,4,4,4,4,4,4,4,4,4,4,4,4,4,4,4,4,4,4,4,4,4,4",
                        "startOffsets": "1877,2051,2191,2324,2435,2523,2621,2699,2791,2886,3001,3116,3208,3300,3410,3549,3632,3714,3904,4002,4106,4217,4335",
                        "endColumns": "173,139,132,110,87,97,77,91,94,114,114,91,91,109,138,82,81,189,97,103,110,117,170",
                        "endOffsets": "2046,2186,2319,2430,2518,2616,2694,2786,2881,2996,3111,3203,3295,3405,3544,3627,3709,3899,3997,4101,4212,4330,4501"
                    }
                },
                {
                    "source": "C:\\Users\\Administrator\\.gradle\\caches\\transforms-2\\files-2.1\\0cc8fc51745617bc8893e734f3da3890\\res\\values-ta\\values-ta.xml",
                    "from": {
                        "startLines": "2",
                        "startColumns": "4",
                        "startOffsets": "55",
                        "endColumns": "100",
                        "endOffsets": "151"
                    },
                    "to": {
                        "startLines": "43",
                        "startColumns": "4",
                        "startOffsets": "4586",
                        "endColumns": "100",
                        "endOffsets": "4682"
                    }
                },
                {
                    "source": "C:\\Users\\Administrator\\.gradle\\caches\\transforms-2\\files-2.1\\0519992c238d843ded62a6126a94e447\\res\\values-ta\\values-ta.xml",
                    "from": {
                        "startLines": "2,3,4,5,6,7,8,9,10,11,12,13,14,15,16,17,18,19",
                        "startColumns": "4,4,4,4,4,4,4,4,4,4,4,4,4,4,4,4,4,4",
                        "startOffsets": "105,219,324,439,528,635,761,839,916,998,1100,1204,1301,1411,1513,1620,1777,1877",
                        "endColumns": "113,104,114,88,106,125,77,76,81,101,103,96,109,101,106,156,99,79",
                        "endOffsets": "214,319,434,523,630,756,834,911,993,1095,1199,1296,1406,1508,1615,1772,1872,1952"
                    },
                    "to": {
                        "startLines": "2,3,4,5,6,7,8,9,10,11,12,13,14,15,16,17,18,42",
                        "startColumns": "4,4,4,4,4,4,4,4,4,4,4,4,4,4,4,4,4,4",
                        "startOffsets": "105,219,324,439,528,635,761,839,916,998,1100,1204,1301,1411,1513,1620,1777,4506",
                        "endColumns": "113,104,114,88,106,125,77,76,81,101,103,96,109,101,106,156,99,79",
                        "endOffsets": "214,319,434,523,630,756,834,911,993,1095,1199,1296,1406,1508,1615,1772,1872,4581"
                    }
                }
            ]
        }
    ]
}