{
    "logs": [
        {
            "outputFile": "D:\\workplace_20200310\\EODemo\\build\\intermediates\\incremental\\mergeDebugResources\\merged.dir\\values-pl\\values-pl.xml",
            "map": [
                {
                    "source": "C:\\Users\\Administrator\\.gradle\\caches\\transforms-2\\files-2.1\\7a1c7f15582070a164abe18a772c4fa2\\res\\values-pl\\values-pl.xml",
                    "from": {
                        "startLines": "2,3,4,5,6,7,8,9,10,11,12,13,14,15,16,17,18,19,20,21,22,23,24",
                        "startColumns": "4,4,4,4,4,4,4,4,4,4,4,4,4,4,4,4,4,4,4,4,4,4,4",
                        "startOffsets": "55,211,344,482,593,679,769,846,935,1031,1159,1274,1369,1464,1567,1693,1775,1862,2040,2135,2236,2351,2460",
                        "endColumns": "155,132,137,110,85,89,76,88,95,127,114,94,94,102,125,81,86,177,94,100,114,108,156",
                        "endOffsets": "206,339,477,588,674,764,841,930,1026,1154,1269,1364,1459,1562,1688,1770,1857,2035,2130,2231,2346,2455,2612"
                    },
                    "to": {
                        "startLines": "19,20,21,22,23,24,25,26,27,28,29,30,31,32,33,34,35,36,37,38,39,40,41",
                        "startColumns": "4,4,4,4,4,4,4,4,4,4,4,4,4,4,4,4,4,4,4,4,4,4,4",
                        "startOffsets": "1886,2042,2175,2313,2424,2510,2600,2677,2766,2862,2990,3105,3200,3295,3398,3524,3606,3693,3871,3966,4067,4182,4291",
                        "endColumns": "155,132,137,110,85,89,76,88,95,127,114,94,94,102,125,81,86,177,94,100,114,108,156",
                        "endOffsets": "2037,2170,2308,2419,2505,2595,2672,2761,2857,2985,3100,3195,3290,3393,3519,3601,3688,3866,3961,4062,4177,4286,4443"
                    }
                },
                {
                    "source": "C:\\Users\\Administrator\\.gradle\\caches\\transforms-2\\files-2.1\\0519992c238d843ded62a6126a94e447\\res\\values-pl\\values-pl.xml",
                    "from": {
                        "startLines": "2,3,4,5,6,7,8,9,10,11,12,13,14,15,16,17,18,19",
                        "startColumns": "4,4,4,4,4,4,4,4,4,4,4,4,4,4,4,4,4,4",
                        "startOffsets": "105,221,323,431,517,626,745,823,900,982,1091,1200,1299,1408,1519,1627,1790,1886",
                        "endColumns": "115,101,107,85,108,118,77,76,81,108,108,98,108,110,107,162,95,81",
                        "endOffsets": "216,318,426,512,621,740,818,895,977,1086,1195,1294,1403,1514,1622,1785,1881,1963"
                    },
                    "to": {
                        "startLines": "2,3,4,5,6,7,8,9,10,11,12,13,14,15,16,17,18,42",
                        "startColumns": "4,4,4,4,4,4,4,4,4,4,4,4,4,4,4,4,4,4",
                        "startOffsets": "105,221,323,431,517,626,745,823,900,982,1091,1200,1299,1408,1519,1627,1790,4448",
                        "endColumns": "115,101,107,85,108,118,77,76,81,108,108,98,108,110,107,162,95,81",
                        "endOffsets": "216,318,426,512,621,740,818,895,977,1086,1195,1294,1403,1514,1622,1785,1881,4525"
                    }
                },
                {
                    "source": "C:\\Users\\Administrator\\.gradle\\caches\\transforms-2\\files-2.1\\0cc8fc51745617bc8893e734f3da3890\\res\\values-pl\\values-pl.xml",
                    "from": {
                        "startLines": "2",
                        "startColumns": "4",
                        "startOffsets": "55",
                        "endColumns": "100",
                        "endOffsets": "151"
                    },
                    "to": {
                        "startLines": "43",
                        "startColumns": "4",
                        "startOffsets": "4530",
                        "endColumns": "100",
                        "endOffsets": "4626"
                    }
                }
            ]
        }
    ]
}