{
    "logs": [
        {
            "outputFile": "D:\\workplace_20200310\\EODemo\\build\\intermediates\\incremental\\mergeDebugResources\\merged.dir\\values-fi\\values-fi.xml",
            "map": [
                {
                    "source": "C:\\Users\\Administrator\\.gradle\\caches\\transforms-2\\files-2.1\\0519992c238d843ded62a6126a94e447\\res\\values-fi\\values-fi.xml",
                    "from": {
                        "startLines": "2,3,4,5,6,7,8,9,10,11,12,13,14,15,16,17,18,19",
                        "startColumns": "4,4,4,4,4,4,4,4,4,4,4,4,4,4,4,4,4,4",
                        "startOffsets": "105,213,313,414,500,605,723,810,892,972,1079,1182,1279,1385,1484,1588,1751,1850",
                        "endColumns": "107,99,100,85,104,117,86,81,79,106,102,96,105,98,103,162,98,79",
                        "endOffsets": "208,308,409,495,600,718,805,887,967,1074,1177,1274,1380,1479,1583,1746,1845,1925"
                    },
                    "to": {
                        "startLines": "2,3,4,5,6,7,8,9,10,11,12,13,14,15,16,17,18,42",
                        "startColumns": "4,4,4,4,4,4,4,4,4,4,4,4,4,4,4,4,4,4",
                        "startOffsets": "105,213,313,414,500,605,723,810,892,972,1079,1182,1279,1385,1484,1588,1751,4422",
                        "endColumns": "107,99,100,85,104,117,86,81,79,106,102,96,105,98,103,162,98,79",
                        "endOffsets": "208,308,409,495,600,718,805,887,967,1074,1177,1274,1380,1479,1583,1746,1845,4497"
                    }
                },
                {
                    "source": "C:\\Users\\Administrator\\.gradle\\caches\\transforms-2\\files-2.1\\0cc8fc51745617bc8893e734f3da3890\\res\\values-fi\\values-fi.xml",
                    "from": {
                        "startLines": "2",
                        "startColumns": "4",
                        "startOffsets": "55",
                        "endColumns": "100",
                        "endOffsets": "151"
                    },
                    "to": {
                        "startLines": "43",
                        "startColumns": "4",
                        "startOffsets": "4502",
                        "endColumns": "100",
                        "endOffsets": "4598"
                    }
                },
                {
                    "source": "C:\\Users\\Administrator\\.gradle\\caches\\transforms-2\\files-2.1\\7a1c7f15582070a164abe18a772c4fa2\\res\\values-fi\\values-fi.xml",
                    "from": {
                        "startLines": "2,3,4,5,6,7,8,9,10,11,12,13,14,15,16,17,18,19,20,21,22,23,24",
                        "startColumns": "4,4,4,4,4,4,4,4,4,4,4,4,4,4,4,4,4,4,4,4,4,4,4",
                        "startOffsets": "55,214,345,491,603,687,774,852,942,1040,1158,1275,1372,1469,1582,1715,1797,1877,2051,2146,2259,2373,2491",
                        "endColumns": "158,130,145,111,83,86,77,89,97,117,116,96,96,112,132,81,79,173,94,112,113,117,135",
                        "endOffsets": "209,340,486,598,682,769,847,937,1035,1153,1270,1367,1464,1577,1710,1792,1872,2046,2141,2254,2368,2486,2622"
                    },
                    "to": {
                        "startLines": "19,20,21,22,23,24,25,26,27,28,29,30,31,32,33,34,35,36,37,38,39,40,41",
                        "startColumns": "4,4,4,4,4,4,4,4,4,4,4,4,4,4,4,4,4,4,4,4,4,4,4",
                        "startOffsets": "1850,2009,2140,2286,2398,2482,2569,2647,2737,2835,2953,3070,3167,3264,3377,3510,3592,3672,3846,3941,4054,4168,4286",
                        "endColumns": "158,130,145,111,83,86,77,89,97,117,116,96,96,112,132,81,79,173,94,112,113,117,135",
                        "endOffsets": "2004,2135,2281,2393,2477,2564,2642,2732,2830,2948,3065,3162,3259,3372,3505,3587,3667,3841,3936,4049,4163,4281,4417"
                    }
                }
            ]
        }
    ]
}