{
    "logs": [
        {
            "outputFile": "D:\\workplace_20200310\\EODemo\\build\\intermediates\\incremental\\mergeDebugResources\\merged.dir\\values-v12\\values-v12.xml",
            "map": [
                {
                    "source": "C:\\Users\\Administrator\\.gradle\\caches\\transforms-2\\files-2.1\\0519992c238d843ded62a6126a94e447\\res\\values-v12\\values-v12.xml",
                    "from": {
                        "startLines": "2,5,8,9",
                        "startColumns": "4,4,4,4",
                        "startOffsets": "55,279,479,598",
                        "endLines": "4,7,8,9",
                        "endColumns": "12,12,118,94",
                        "endOffsets": "274,474,593,688"
                    }
                }
            ]
        }
    ]
}