{
    "logs": [
        {
            "outputFile": "D:\\workplace_20200310\\EODemo\\build\\intermediates\\incremental\\mergeDebugResources\\merged.dir\\values-en-rAU\\values-en-rAU.xml",
            "map": [
                {
                    "source": "C:\\Users\\Administrator\\.gradle\\caches\\transforms-2\\files-2.1\\0519992c238d843ded62a6126a94e447\\res\\values-en-rAU\\values-en-rAU.xml",
                    "from": {
                        "startLines": "2,3,4,5,6,7,8,9,10,11,12,13,14,15,16,17,18,19",
                        "startColumns": "4,4,4,4,4,4,4,4,4,4,4,4,4,4,4,4,4,4",
                        "startOffsets": "105,209,309,417,501,601,716,793,869,951,1054,1158,1257,1362,1465,1569,1725,1825",
                        "endColumns": "103,99,107,83,99,114,76,75,81,102,103,98,104,102,103,155,99,81",
                        "endOffsets": "204,304,412,496,596,711,788,864,946,1049,1153,1252,1357,1460,1564,1720,1820,1902"
                    }
                },
                {
                    "source": "C:\\Users\\Administrator\\.gradle\\caches\\transforms-2\\files-2.1\\0cc8fc51745617bc8893e734f3da3890\\res\\values-en-rAU\\values-en-rAU.xml",
                    "from": {
                        "startLines": "2",
                        "startColumns": "4",
                        "startOffsets": "55",
                        "endColumns": "100",
                        "endOffsets": "151"
                    },
                    "to": {
                        "startLines": "20",
                        "startColumns": "4",
                        "startOffsets": "1907",
                        "endColumns": "100",
                        "endOffsets": "2003"
                    }
                }
            ]
        }
    ]
}