{
    "logs": [
        {
            "outputFile": "D:\\workplace_20200310\\EODemo\\build\\intermediates\\incremental\\mergeDebugResources\\merged.dir\\values-en-rXC\\values-en-rXC.xml",
            "map": [
                {
                    "source": "C:\\Users\\Administrator\\.gradle\\caches\\transforms-2\\files-2.1\\0519992c238d843ded62a6126a94e447\\res\\values-en-rXC\\values-en-rXC.xml",
                    "from": {
                        "startLines": "2,3,4,5,6,7,8,9,10,11,12,13,14,15,16,17,18,19",
                        "startColumns": "4,4,4,4,4,4,4,4,4,4,4,4,4,4,4,4,4,4",
                        "startOffsets": "105,310,510,719,904,1106,1321,1494,1671,1855,2059,2264,2465,2672,2874,3079,3351,3551",
                        "endColumns": "204,199,208,184,201,214,172,176,183,203,204,200,206,201,204,271,199,178",
                        "endOffsets": "305,505,714,899,1101,1316,1489,1666,1850,2054,2259,2460,2667,2869,3074,3346,3546,3725"
                    }
                }
            ]
        }
    ]
}