{
    "logs": [
        {
            "outputFile": "D:\\workplace_20200310\\EODemo\\build\\intermediates\\incremental\\mergeDebugResources\\merged.dir\\values-da\\values-da.xml",
            "map": [
                {
                    "source": "C:\\Users\\Administrator\\.gradle\\caches\\transforms-2\\files-2.1\\7a1c7f15582070a164abe18a772c4fa2\\res\\values-da\\values-da.xml",
                    "from": {
                        "startLines": "2,3,4,5,6,7,8,9,10,11,12,13,14,15,16,17,18,19,20,21,22,23",
                        "startColumns": "4,4,4,4,4,4,4,4,4,4,4,4,4,4,4,4,4,4,4,4,4,4",
                        "startOffsets": "55,217,344,477,590,680,774,851,942,1031,1143,1250,1340,1430,1530,1646,1726,1922,2019,2119,2231,2334",
                        "endColumns": "161,126,132,112,89,93,76,90,88,111,106,89,89,99,115,79,195,96,99,111,102,142",
                        "endOffsets": "212,339,472,585,675,769,846,937,1026,1138,1245,1335,1425,1525,1641,1721,1917,2014,2114,2226,2329,2472"
                    },
                    "to": {
                        "startLines": "19,20,21,22,23,24,25,26,27,28,29,30,31,32,33,34,35,36,37,38,39,40",
                        "startColumns": "4,4,4,4,4,4,4,4,4,4,4,4,4,4,4,4,4,4,4,4,4,4",
                        "startOffsets": "1828,1990,2117,2250,2363,2453,2547,2624,2715,2804,2916,3023,3113,3203,3303,3419,3499,3695,3792,3892,4004,4107",
                        "endColumns": "161,126,132,112,89,93,76,90,88,111,106,89,89,99,115,79,195,96,99,111,102,142",
                        "endOffsets": "1985,2112,2245,2358,2448,2542,2619,2710,2799,2911,3018,3108,3198,3298,3414,3494,3690,3787,3887,3999,4102,4245"
                    }
                },
                {
                    "source": "C:\\Users\\Administrator\\.gradle\\caches\\transforms-2\\files-2.1\\0519992c238d843ded62a6126a94e447\\res\\values-da\\values-da.xml",
                    "from": {
                        "startLines": "2,3,4,5,6,7,8,9,10,11,12,13,14,15,16,17,18,19",
                        "startColumns": "4,4,4,4,4,4,4,4,4,4,4,4,4,4,4,4,4,4",
                        "startOffsets": "105,208,307,419,502,602,715,792,869,948,1057,1165,1261,1375,1477,1578,1731,1828",
                        "endColumns": "102,98,111,82,99,112,76,76,78,108,107,95,113,101,100,152,96,78",
                        "endOffsets": "203,302,414,497,597,710,787,864,943,1052,1160,1256,1370,1472,1573,1726,1823,1902"
                    },
                    "to": {
                        "startLines": "2,3,4,5,6,7,8,9,10,11,12,13,14,15,16,17,18,41",
                        "startColumns": "4,4,4,4,4,4,4,4,4,4,4,4,4,4,4,4,4,4",
                        "startOffsets": "105,208,307,419,502,602,715,792,869,948,1057,1165,1261,1375,1477,1578,1731,4250",
                        "endColumns": "102,98,111,82,99,112,76,76,78,108,107,95,113,101,100,152,96,78",
                        "endOffsets": "203,302,414,497,597,710,787,864,943,1052,1160,1256,1370,1472,1573,1726,1823,4324"
                    }
                },
                {
                    "source": "C:\\Users\\Administrator\\.gradle\\caches\\transforms-2\\files-2.1\\0cc8fc51745617bc8893e734f3da3890\\res\\values-da\\values-da.xml",
                    "from": {
                        "startLines": "2",
                        "startColumns": "4",
                        "startOffsets": "55",
                        "endColumns": "100",
                        "endOffsets": "151"
                    },
                    "to": {
                        "startLines": "42",
                        "startColumns": "4",
                        "startOffsets": "4329",
                        "endColumns": "100",
                        "endOffsets": "4425"
                    }
                }
            ]
        }
    ]
}