{
    "logs": [
        {
            "outputFile": "D:\\workplace_20200310\\EODemo\\build\\intermediates\\incremental\\mergeDebugResources\\merged.dir\\values-hr\\values-hr.xml",
            "map": [
                {
                    "source": "C:\\Users\\Administrator\\.gradle\\caches\\transforms-2\\files-2.1\\7a1c7f15582070a164abe18a772c4fa2\\res\\values-hr\\values-hr.xml",
                    "from": {
                        "startLines": "2,3,4,5,6,7,8,9,10,11,12,13,14,15,16,17,18,19,20,21,22,23,24",
                        "startColumns": "4,4,4,4,4,4,4,4,4,4,4,4,4,4,4,4,4,4,4,4,4,4,4",
                        "startOffsets": "55,211,347,488,603,707,799,879,970,1060,1172,1286,1376,1466,1573,1698,1781,1866,2051,2146,2250,2364,2469",
                        "endColumns": "155,135,140,114,103,91,79,90,89,111,113,89,89,106,124,82,84,184,94,103,113,104,150",
                        "endOffsets": "206,342,483,598,702,794,874,965,1055,1167,1281,1371,1461,1568,1693,1776,1861,2046,2141,2245,2359,2464,2615"
                    },
                    "to": {
                        "startLines": "19,20,21,22,23,24,25,26,27,28,29,30,31,32,33,34,35,36,37,38,39,40,41",
                        "startColumns": "4,4,4,4,4,4,4,4,4,4,4,4,4,4,4,4,4,4,4,4,4,4,4",
                        "startOffsets": "1893,2049,2185,2326,2441,2545,2637,2717,2808,2898,3010,3124,3214,3304,3411,3536,3619,3704,3889,3984,4088,4202,4307",
                        "endColumns": "155,135,140,114,103,91,79,90,89,111,113,89,89,106,124,82,84,184,94,103,113,104,150",
                        "endOffsets": "2044,2180,2321,2436,2540,2632,2712,2803,2893,3005,3119,3209,3299,3406,3531,3614,3699,3884,3979,4083,4197,4302,4453"
                    }
                },
                {
                    "source": "C:\\Users\\Administrator\\.gradle\\caches\\transforms-2\\files-2.1\\0519992c238d843ded62a6126a94e447\\res\\values-hr\\values-hr.xml",
                    "from": {
                        "startLines": "2,3,4,5,6,7,8,9,10,11,12,13,14,15,16,17,18,19",
                        "startColumns": "4,4,4,4,4,4,4,4,4,4,4,4,4,4,4,4,4,4",
                        "startOffsets": "105,210,307,417,503,607,726,810,893,979,1083,1196,1302,1407,1520,1627,1796,1893",
                        "endColumns": "104,96,109,85,103,118,83,82,85,103,112,105,104,112,106,168,96,88",
                        "endOffsets": "205,302,412,498,602,721,805,888,974,1078,1191,1297,1402,1515,1622,1791,1888,1977"
                    },
                    "to": {
                        "startLines": "2,3,4,5,6,7,8,9,10,11,12,13,14,15,16,17,18,42",
                        "startColumns": "4,4,4,4,4,4,4,4,4,4,4,4,4,4,4,4,4,4",
                        "startOffsets": "105,210,307,417,503,607,726,810,893,979,1083,1196,1302,1407,1520,1627,1796,4458",
                        "endColumns": "104,96,109,85,103,118,83,82,85,103,112,105,104,112,106,168,96,88",
                        "endOffsets": "205,302,412,498,602,721,805,888,974,1078,1191,1297,1402,1515,1622,1791,1888,4542"
                    }
                },
                {
                    "source": "C:\\Users\\Administrator\\.gradle\\caches\\transforms-2\\files-2.1\\0cc8fc51745617bc8893e734f3da3890\\res\\values-hr\\values-hr.xml",
                    "from": {
                        "startLines": "2",
                        "startColumns": "4",
                        "startOffsets": "55",
                        "endColumns": "100",
                        "endOffsets": "151"
                    },
                    "to": {
                        "startLines": "43",
                        "startColumns": "4",
                        "startOffsets": "4547",
                        "endColumns": "100",
                        "endOffsets": "4643"
                    }
                }
            ]
        }
    ]
}