{
    "logs": [
        {
            "outputFile": "D:\\workplace_20200310\\EODemo\\build\\intermediates\\incremental\\mergeDebugResources\\merged.dir\\values-de\\values-de.xml",
            "map": [
                {
                    "source": "C:\\Users\\Administrator\\.gradle\\caches\\transforms-2\\files-2.1\\0cc8fc51745617bc8893e734f3da3890\\res\\values-de\\values-de.xml",
                    "from": {
                        "startLines": "2",
                        "startColumns": "4",
                        "startOffsets": "55",
                        "endColumns": "100",
                        "endOffsets": "151"
                    },
                    "to": {
                        "startLines": "43",
                        "startColumns": "4",
                        "startOffsets": "4510",
                        "endColumns": "100",
                        "endOffsets": "4606"
                    }
                },
                {
                    "source": "C:\\Users\\Administrator\\.gradle\\caches\\transforms-2\\files-2.1\\0519992c238d843ded62a6126a94e447\\res\\values-de\\values-de.xml",
                    "from": {
                        "startLines": "2,3,4,5,6,7,8,9,10,11,12,13,14,15,16,17,18,19",
                        "startColumns": "4,4,4,4,4,4,4,4,4,4,4,4,4,4,4,4,4,4",
                        "startOffsets": "105,210,308,420,506,611,726,803,879,961,1072,1175,1274,1385,1487,1594,1750,1852",
                        "endColumns": "104,97,111,85,104,114,76,75,81,110,102,98,110,101,106,155,101,81",
                        "endOffsets": "205,303,415,501,606,721,798,874,956,1067,1170,1269,1380,1482,1589,1745,1847,1929"
                    },
                    "to": {
                        "startLines": "2,3,4,5,6,7,8,9,10,11,12,13,14,15,16,17,18,42",
                        "startColumns": "4,4,4,4,4,4,4,4,4,4,4,4,4,4,4,4,4,4",
                        "startOffsets": "105,210,308,420,506,611,726,803,879,961,1072,1175,1274,1385,1487,1594,1750,4428",
                        "endColumns": "104,97,111,85,104,114,76,75,81,110,102,98,110,101,106,155,101,81",
                        "endOffsets": "205,303,415,501,606,721,798,874,956,1067,1170,1269,1380,1482,1589,1745,1847,4505"
                    }
                },
                {
                    "source": "C:\\Users\\Administrator\\.gradle\\caches\\transforms-2\\files-2.1\\7a1c7f15582070a164abe18a772c4fa2\\res\\values-de\\values-de.xml",
                    "from": {
                        "startLines": "2,3,4,5,6,7,8,9,10,11,12,13,14,15,16,17,18,19,20,21,22,23,24",
                        "startColumns": "4,4,4,4,4,4,4,4,4,4,4,4,4,4,4,4,4,4,4,4,4,4,4",
                        "startOffsets": "55,218,358,500,621,709,801,884,976,1072,1183,1292,1384,1476,1578,1695,1777,1860,2067,2163,2272,2383,2493",
                        "endColumns": "162,139,141,120,87,91,82,91,95,110,108,91,91,101,116,81,82,206,95,108,110,109,137",
                        "endOffsets": "213,353,495,616,704,796,879,971,1067,1178,1287,1379,1471,1573,1690,1772,1855,2062,2158,2267,2378,2488,2626"
                    },
                    "to": {
                        "startLines": "19,20,21,22,23,24,25,26,27,28,29,30,31,32,33,34,35,36,37,38,39,40,41",
                        "startColumns": "4,4,4,4,4,4,4,4,4,4,4,4,4,4,4,4,4,4,4,4,4,4,4",
                        "startOffsets": "1852,2015,2155,2297,2418,2506,2598,2681,2773,2869,2980,3089,3181,3273,3375,3492,3574,3657,3864,3960,4069,4180,4290",
                        "endColumns": "162,139,141,120,87,91,82,91,95,110,108,91,91,101,116,81,82,206,95,108,110,109,137",
                        "endOffsets": "2010,2150,2292,2413,2501,2593,2676,2768,2864,2975,3084,3176,3268,3370,3487,3569,3652,3859,3955,4064,4175,4285,4423"
                    }
                }
            ]
        }
    ]
}