{
    "logs": [
        {
            "outputFile": "D:\\workplace_20200310\\EODemo\\build\\intermediates\\incremental\\mergeDebugResources\\merged.dir\\values-be\\values-be.xml",
            "map": [
                {
                    "source": "C:\\Users\\Administrator\\.gradle\\caches\\transforms-2\\files-2.1\\0519992c238d843ded62a6126a94e447\\res\\values-be\\values-be.xml",
                    "from": {
                        "startLines": "2,3,4,5,6,7,8,9,10,11,12,13,14,15,16,17,18,19",
                        "startColumns": "4,4,4,4,4,4,4,4,4,4,4,4,4,4,4,4,4,4",
                        "startOffsets": "105,225,328,444,530,638,756,835,913,996,1102,1208,1306,1414,1519,1624,1793,1893",
                        "endColumns": "119,102,115,85,107,117,78,77,82,105,105,97,107,104,104,168,99,80",
                        "endOffsets": "220,323,439,525,633,751,830,908,991,1097,1203,1301,1409,1514,1619,1788,1888,1969"
                    }
                },
                {
                    "source": "C:\\Users\\Administrator\\.gradle\\caches\\transforms-2\\files-2.1\\0cc8fc51745617bc8893e734f3da3890\\res\\values-be\\values-be.xml",
                    "from": {
                        "startLines": "2",
                        "startColumns": "4",
                        "startOffsets": "55",
                        "endColumns": "108",
                        "endOffsets": "159"
                    },
                    "to": {
                        "startLines": "20",
                        "startColumns": "4",
                        "startOffsets": "1974",
                        "endColumns": "108",
                        "endOffsets": "2078"
                    }
                }
            ]
        }
    ]
}