{
    "logs": [
        {
            "outputFile": "D:\\workplace_20200310\\EODemo\\build\\intermediates\\incremental\\mergeDebugResources\\merged.dir\\values-id\\values-id.xml",
            "map": [
                {
                    "source": "C:\\Users\\Administrator\\.gradle\\caches\\transforms-2\\files-2.1\\4bd61332f33d5c52fc02a8e43f71975c\\res\\values-id\\values-id.xml",
                    "from": {
                        "startLines": "2,3,4,5,6,7,8,9,10,11,12,13,14,15,16,17,18,19,20,21,22,23",
                        "startColumns": "4,4,4,4,4,4,4,4,4,4,4,4,4,4,4,4,4,4,4,4,4,4",
                        "startOffsets": "55,207,332,446,545,612,680,737,808,879,979,1076,1149,1222,1306,1409,1473,1540,1714,1793,1878,1970",
                        "endColumns": "151,124,113,98,66,67,56,70,70,99,96,72,72,83,102,63,66,173,78,84,91,132",
                        "endOffsets": "202,327,441,540,607,675,732,803,874,974,1071,1144,1217,1301,1404,1468,1535,1709,1788,1873,1965,2098"
                    }
                }
            ]
        }
    ]
}