{
    "logs": [
        {
            "outputFile": "D:\\workplace_20200310\\EODemo\\build\\intermediates\\incremental\\mergeDebugResources\\merged.dir\\values-es-rES\\values-es-rES.xml",
            "map": [
                {
                    "source": "C:\\Users\\Administrator\\.gradle\\caches\\transforms-2\\files-2.1\\7a1c7f15582070a164abe18a772c4fa2\\res\\values-es-rES\\values-es-rES.xml",
                    "from": {
                        "startLines": "2,3,4,5,6,7,8,9,10,11,12,13,14,15,16,17,18,19,20,21,22,23,24",
                        "startColumns": "4,4,4,4,4,4,4,4,4,4,4,4,4,4,4,4,4,4,4,4,4,4,4",
                        "startOffsets": "55,227,375,528,643,728,817,893,984,1073,1187,1301,1390,1479,1587,1713,1795,1881,2077,2170,2273,2388,2504",
                        "endColumns": "171,147,152,114,84,88,75,90,88,113,113,88,88,107,125,81,85,195,92,102,114,115,140",
                        "endOffsets": "222,370,523,638,723,812,888,979,1068,1182,1296,1385,1474,1582,1708,1790,1876,2072,2165,2268,2383,2499,2640"
                    }
                }
            ]
        }
    ]
}