{
    "logs": [
        {
            "outputFile": "D:\\workplace_20200310\\EODemo\\build\\intermediates\\incremental\\mergeDebugResources\\merged.dir\\values-my\\values-my.xml",
            "map": [
                {
                    "source": "C:\\Users\\Administrator\\.gradle\\caches\\transforms-2\\files-2.1\\0519992c238d843ded62a6126a94e447\\res\\values-my\\values-my.xml",
                    "from": {
                        "startLines": "2,3,4,5,6,7,8,9,10,11,12,13,14,15,16,17,18,19",
                        "startColumns": "4,4,4,4,4,4,4,4,4,4,4,4,4,4,4,4,4,4",
                        "startOffsets": "105,214,319,436,529,641,769,847,926,1012,1135,1247,1349,1475,1586,1696,1856,1956",
                        "endColumns": "108,104,116,92,111,127,77,78,85,122,111,101,125,110,109,159,99,83",
                        "endOffsets": "209,314,431,524,636,764,842,921,1007,1130,1242,1344,1470,1581,1691,1851,1951,2035"
                    }
                },
                {
                    "source": "C:\\Users\\Administrator\\.gradle\\caches\\transforms-2\\files-2.1\\0cc8fc51745617bc8893e734f3da3890\\res\\values-my\\values-my.xml",
                    "from": {
                        "startLines": "2",
                        "startColumns": "4",
                        "startOffsets": "55",
                        "endColumns": "100",
                        "endOffsets": "151"
                    },
                    "to": {
                        "startLines": "20",
                        "startColumns": "4",
                        "startOffsets": "2040",
                        "endColumns": "100",
                        "endOffsets": "2136"
                    }
                }
            ]
        }
    ]
}