{
    "logs": [
        {
            "outputFile": "D:\\workplace_20200310\\EODemo\\build\\intermediates\\incremental\\mergeDebugResources\\merged.dir\\values-v11\\values-v11.xml",
            "map": [
                {
                    "source": "C:\\Users\\Administrator\\.gradle\\caches\\transforms-2\\files-2.1\\0519992c238d843ded62a6126a94e447\\res\\values-v11\\values-v11.xml",
                    "from": {
                        "startLines": "2,8,14,20,26,32,38,39,43,47,48,52,56,57,61,66,71,76,78,80,81,82,136,191",
                        "startColumns": "4,4,4,4,4,4,4,4,4,4,4,4,4,4,4,4,4,4,4,4,4,4,4,4",
                        "startOffsets": "55,474,899,1327,1753,2180,2605,2694,2940,3189,3290,3542,3797,3900,4153,4561,4981,5403,5510,5639,5710,5793,9818,13986",
                        "endLines": "7,13,19,25,31,37,38,42,46,47,51,55,56,60,65,70,75,77,79,80,81,135,190,191",
                        "endColumns": "12,12,12,12,12,12,88,12,12,100,12,12,102,12,12,12,12,12,12,70,82,12,12,90",
                        "endOffsets": "469,894,1322,1748,2175,2600,2689,2935,3184,3285,3537,3792,3895,4148,4556,4976,5398,5505,5634,5705,5788,9813,13981,14072"
                    },
                    "to": {
                        "startLines": "5,11,17,23,29,35,41,42,46,50,51,55,59,60,64,69,74,79,81,83,84,85,139,194",
                        "startColumns": "4,4,4,4,4,4,4,4,4,4,4,4,4,4,4,4,4,4,4,4,4,4,4,4",
                        "startOffsets": "192,611,1036,1464,1890,2317,2742,2831,3077,3326,3427,3679,3934,4037,4290,4698,5118,5540,5647,5776,5847,5930,9955,14123",
                        "endLines": "10,16,22,28,34,40,41,45,49,50,54,58,59,63,68,73,78,80,82,83,84,138,193,194",
                        "endColumns": "12,12,12,12,12,12,88,12,12,100,12,12,102,12,12,12,12,12,12,70,82,12,12,90",
                        "endOffsets": "606,1031,1459,1885,2312,2737,2826,3072,3321,3422,3674,3929,4032,4285,4693,5113,5535,5642,5771,5842,5925,9950,14118,14209"
                    }
                },
                {
                    "source": "D:\\workplace_20200310\\EODemo\\res\\values-v11\\styles.xml",
                    "from": {
                        "startLines": "6",
                        "startColumns": "4",
                        "startOffsets": "177",
                        "endLines": "8",
                        "endColumns": "12",
                        "endOffsets": "309"
                    },
                    "to": {
                        "startLines": "2",
                        "startColumns": "4",
                        "startOffsets": "55",
                        "endLines": "4",
                        "endColumns": "12",
                        "endOffsets": "187"
                    }
                }
            ]
        }
    ]
}