{
    "logs": [
        {
            "outputFile": "D:\\workplace_20200310\\EODemo\\build\\intermediates\\incremental\\mergeDebugResources\\merged.dir\\values-iw\\values-iw.xml",
            "map": [
                {
                    "source": "C:\\Users\\Administrator\\.gradle\\caches\\transforms-2\\files-2.1\\0519992c238d843ded62a6126a94e447\\res\\values-iw\\values-iw.xml",
                    "from": {
                        "startLines": "2,3,4,5,6,7,8,9,10,11,12,13,14,15,16,17,18,19",
                        "startColumns": "4,4,4,4,4,4,4,4,4,4,4,4,4,4,4,4,4,4",
                        "startOffsets": "105,209,308,416,500,600,714,792,870,951,1053,1157,1255,1358,1459,1559,1711,1807",
                        "endColumns": "103,98,107,83,99,113,77,77,80,101,103,97,102,100,99,151,95,80",
                        "endOffsets": "204,303,411,495,595,709,787,865,946,1048,1152,1250,1353,1454,1554,1706,1802,1883"
                    },
                    "to": {
                        "startLines": "2,3,4,5,6,7,8,9,10,11,12,13,14,15,16,17,18,42",
                        "startColumns": "4,4,4,4,4,4,4,4,4,4,4,4,4,4,4,4,4,4",
                        "startOffsets": "105,209,308,416,500,600,714,792,870,951,1053,1157,1255,1358,1459,1559,1711,4255",
                        "endColumns": "103,98,107,83,99,113,77,77,80,101,103,97,102,100,99,151,95,80",
                        "endOffsets": "204,303,411,495,595,709,787,865,946,1048,1152,1250,1353,1454,1554,1706,1802,4331"
                    }
                },
                {
                    "source": "C:\\Users\\Administrator\\.gradle\\caches\\transforms-2\\files-2.1\\0cc8fc51745617bc8893e734f3da3890\\res\\values-iw\\values-iw.xml",
                    "from": {
                        "startLines": "2",
                        "startColumns": "4",
                        "startOffsets": "55",
                        "endColumns": "102",
                        "endOffsets": "153"
                    },
                    "to": {
                        "startLines": "43",
                        "startColumns": "4",
                        "startOffsets": "4336",
                        "endColumns": "102",
                        "endOffsets": "4434"
                    }
                },
                {
                    "source": "C:\\Users\\Administrator\\.gradle\\caches\\transforms-2\\files-2.1\\7a1c7f15582070a164abe18a772c4fa2\\res\\values-iw\\values-iw.xml",
                    "from": {
                        "startLines": "2,3,4,5,6,7,8,9,10,11,12,13,14,15,16,17,18,19,20,21,22,23,24",
                        "startColumns": "4,4,4,4,4,4,4,4,4,4,4,4,4,4,4,4,4,4,4,4,4,4,4",
                        "startOffsets": "55,213,334,462,574,662,747,821,909,997,1111,1222,1313,1404,1504,1621,1702,1787,1955,2049,2148,2265,2372",
                        "endColumns": "157,120,127,111,87,84,73,87,87,113,110,90,90,99,116,80,84,167,93,98,116,106,130",
                        "endOffsets": "208,329,457,569,657,742,816,904,992,1106,1217,1308,1399,1499,1616,1697,1782,1950,2044,2143,2260,2367,2498"
                    },
                    "to": {
                        "startLines": "19,20,21,22,23,24,25,26,27,28,29,30,31,32,33,34,35,36,37,38,39,40,41",
                        "startColumns": "4,4,4,4,4,4,4,4,4,4,4,4,4,4,4,4,4,4,4,4,4,4,4",
                        "startOffsets": "1807,1965,2086,2214,2326,2414,2499,2573,2661,2749,2863,2974,3065,3156,3256,3373,3454,3539,3707,3801,3900,4017,4124",
                        "endColumns": "157,120,127,111,87,84,73,87,87,113,110,90,90,99,116,80,84,167,93,98,116,106,130",
                        "endOffsets": "1960,2081,2209,2321,2409,2494,2568,2656,2744,2858,2969,3060,3151,3251,3368,3449,3534,3702,3796,3895,4012,4119,4250"
                    }
                }
            ]
        }
    ]
}