{
    "logs": [
        {
            "outputFile": "D:\\workplace_20200310\\EODemo\\build\\intermediates\\incremental\\mergeDebugResources\\merged.dir\\values-af\\values-af.xml",
            "map": [
                {
                    "source": "C:\\Users\\Administrator\\.gradle\\caches\\transforms-2\\files-2.1\\7a1c7f15582070a164abe18a772c4fa2\\res\\values-af\\values-af.xml",
                    "from": {
                        "startLines": "2,3,4,5,6,7,8,9,10,11,12,13,14,15,16,17,18,19,20,21,22,23,24",
                        "startColumns": "4,4,4,4,4,4,4,4,4,4,4,4,4,4,4,4,4,4,4,4,4,4,4",
                        "startOffsets": "55,222,356,495,606,690,778,856,949,1041,1156,1265,1358,1451,1551,1667,1748,1829,2018,2112,2214,2328,2437",
                        "endColumns": "166,133,138,110,83,87,77,92,91,114,108,92,92,99,115,80,80,188,93,101,113,108,142",
                        "endOffsets": "217,351,490,601,685,773,851,944,1036,1151,1260,1353,1446,1546,1662,1743,1824,2013,2107,2209,2323,2432,2575"
                    },
                    "to": {
                        "startLines": "19,20,21,22,23,24,25,26,27,28,29,30,31,32,33,34,35,36,37,38,39,40,41",
                        "startColumns": "4,4,4,4,4,4,4,4,4,4,4,4,4,4,4,4,4,4,4,4,4,4,4",
                        "startOffsets": "1826,1993,2127,2266,2377,2461,2549,2627,2720,2812,2927,3036,3129,3222,3322,3438,3519,3600,3789,3883,3985,4099,4208",
                        "endColumns": "166,133,138,110,83,87,77,92,91,114,108,92,92,99,115,80,80,188,93,101,113,108,142",
                        "endOffsets": "1988,2122,2261,2372,2456,2544,2622,2715,2807,2922,3031,3124,3217,3317,3433,3514,3595,3784,3878,3980,4094,4203,4346"
                    }
                },
                {
                    "source": "C:\\Users\\Administrator\\.gradle\\caches\\transforms-2\\files-2.1\\0cc8fc51745617bc8893e734f3da3890\\res\\values-af\\values-af.xml",
                    "from": {
                        "startLines": "2",
                        "startColumns": "4",
                        "startOffsets": "55",
                        "endColumns": "100",
                        "endOffsets": "151"
                    },
                    "to": {
                        "startLines": "43",
                        "startColumns": "4",
                        "startOffsets": "4431",
                        "endColumns": "100",
                        "endOffsets": "4527"
                    }
                },
                {
                    "source": "C:\\Users\\Administrator\\.gradle\\caches\\transforms-2\\files-2.1\\0519992c238d843ded62a6126a94e447\\res\\values-af\\values-af.xml",
                    "from": {
                        "startLines": "2,3,4,5,6,7,8,9,10,11,12,13,14,15,16,17,18,19",
                        "startColumns": "4,4,4,4,4,4,4,4,4,4,4,4,4,4,4,4,4,4",
                        "startOffsets": "105,209,309,415,500,603,721,797,874,955,1062,1165,1262,1370,1472,1574,1728,1826",
                        "endColumns": "103,99,105,84,102,117,75,76,80,106,102,96,107,101,101,153,97,79",
                        "endOffsets": "204,304,410,495,598,716,792,869,950,1057,1160,1257,1365,1467,1569,1723,1821,1901"
                    },
                    "to": {
                        "startLines": "2,3,4,5,6,7,8,9,10,11,12,13,14,15,16,17,18,42",
                        "startColumns": "4,4,4,4,4,4,4,4,4,4,4,4,4,4,4,4,4,4",
                        "startOffsets": "105,209,309,415,500,603,721,797,874,955,1062,1165,1262,1370,1472,1574,1728,4351",
                        "endColumns": "103,99,105,84,102,117,75,76,80,106,102,96,107,101,101,153,97,79",
                        "endOffsets": "204,304,410,495,598,716,792,869,950,1057,1160,1257,1365,1467,1569,1723,1821,4426"
                    }
                }
            ]
        }
    ]
}