{
    "logs": [
        {
            "outputFile": "D:\\workplace_20200310\\EODemo\\build\\intermediates\\incremental\\mergeDebugResources\\merged.dir\\values-ms\\values-ms.xml",
            "map": [
                {
                    "source": "C:\\Users\\Administrator\\.gradle\\caches\\transforms-2\\files-2.1\\7a1c7f15582070a164abe18a772c4fa2\\res\\values-ms\\values-ms.xml",
                    "from": {
                        "startLines": "2,3,4,5,6,7,8,9,10,11,12,13,14,15,16,17,18,19,20,21,22,23,24",
                        "startColumns": "4,4,4,4,4,4,4,4,4,4,4,4,4,4,4,4,4,4,4,4,4,4,4",
                        "startOffsets": "55,221,355,495,607,691,776,855,943,1035,1151,1264,1358,1452,1558,1682,1764,1847,2047,2143,2245,2362,2468",
                        "endColumns": "165,133,139,111,83,84,78,87,91,115,112,93,93,105,123,81,82,199,95,101,116,105,158",
                        "endOffsets": "216,350,490,602,686,771,850,938,1030,1146,1259,1353,1447,1553,1677,1759,1842,2042,2138,2240,2357,2463,2622"
                    },
                    "to": {
                        "startLines": "19,20,21,22,23,24,25,26,27,28,29,30,31,32,33,34,35,36,37,38,39,40,41",
                        "startColumns": "4,4,4,4,4,4,4,4,4,4,4,4,4,4,4,4,4,4,4,4,4,4,4",
                        "startOffsets": "1865,2031,2165,2305,2417,2501,2586,2665,2753,2845,2961,3074,3168,3262,3368,3492,3574,3657,3857,3953,4055,4172,4278",
                        "endColumns": "165,133,139,111,83,84,78,87,91,115,112,93,93,105,123,81,82,199,95,101,116,105,158",
                        "endOffsets": "2026,2160,2300,2412,2496,2581,2660,2748,2840,2956,3069,3163,3257,3363,3487,3569,3652,3852,3948,4050,4167,4273,4432"
                    }
                },
                {
                    "source": "C:\\Users\\Administrator\\.gradle\\caches\\transforms-2\\files-2.1\\0519992c238d843ded62a6126a94e447\\res\\values-ms\\values-ms.xml",
                    "from": {
                        "startLines": "2,3,4,5,6,7,8,9,10,11,12,13,14,15,16,17,18,19",
                        "startColumns": "4,4,4,4,4,4,4,4,4,4,4,4,4,4,4,4,4,4",
                        "startOffsets": "105,216,321,429,516,620,731,809,888,968,1080,1189,1286,1395,1498,1605,1764,1865",
                        "endColumns": "110,104,107,86,103,110,77,78,79,111,108,96,108,102,106,158,100,79",
                        "endOffsets": "211,316,424,511,615,726,804,883,963,1075,1184,1281,1390,1493,1600,1759,1860,1940"
                    },
                    "to": {
                        "startLines": "2,3,4,5,6,7,8,9,10,11,12,13,14,15,16,17,18,42",
                        "startColumns": "4,4,4,4,4,4,4,4,4,4,4,4,4,4,4,4,4,4",
                        "startOffsets": "105,216,321,429,516,620,731,809,888,968,1080,1189,1286,1395,1498,1605,1764,4437",
                        "endColumns": "110,104,107,86,103,110,77,78,79,111,108,96,108,102,106,158,100,79",
                        "endOffsets": "211,316,424,511,615,726,804,883,963,1075,1184,1281,1390,1493,1600,1759,1860,4512"
                    }
                },
                {
                    "source": "C:\\Users\\Administrator\\.gradle\\caches\\transforms-2\\files-2.1\\0cc8fc51745617bc8893e734f3da3890\\res\\values-ms\\values-ms.xml",
                    "from": {
                        "startLines": "2",
                        "startColumns": "4",
                        "startOffsets": "55",
                        "endColumns": "100",
                        "endOffsets": "151"
                    },
                    "to": {
                        "startLines": "43",
                        "startColumns": "4",
                        "startOffsets": "4517",
                        "endColumns": "100",
                        "endOffsets": "4613"
                    }
                }
            ]
        }
    ]
}