{
    "logs": [
        {
            "outputFile": "D:\\workplace_20200310\\EODemo\\build\\intermediates\\incremental\\mergeDebugResources\\merged.dir\\values-bn\\values-bn.xml",
            "map": [
                {
                    "source": "C:\\Users\\Administrator\\.gradle\\caches\\transforms-2\\files-2.1\\0cc8fc51745617bc8893e734f3da3890\\res\\values-bn\\values-bn.xml",
                    "from": {
                        "startLines": "2",
                        "startColumns": "4",
                        "startOffsets": "55",
                        "endColumns": "100",
                        "endOffsets": "151"
                    },
                    "to": {
                        "startLines": "43",
                        "startColumns": "4",
                        "startOffsets": "4602",
                        "endColumns": "100",
                        "endOffsets": "4698"
                    }
                },
                {
                    "source": "C:\\Users\\Administrator\\.gradle\\caches\\transforms-2\\files-2.1\\7a1c7f15582070a164abe18a772c4fa2\\res\\values-bn\\values-bn.xml",
                    "from": {
                        "startLines": "2,3,4,5,6,7,8,9,10,11,12,13,14,15,16,17,18,19,20,21,22,23,24",
                        "startColumns": "4,4,4,4,4,4,4,4,4,4,4,4,4,4,4,4,4,4,4,4,4,4,4",
                        "startOffsets": "55,214,354,490,603,691,776,853,946,1039,1159,1270,1365,1460,1571,1711,1792,1880,2075,2169,2268,2387,2495",
                        "endColumns": "158,139,135,112,87,84,76,92,92,119,110,94,94,110,139,80,87,194,93,98,118,107,160",
                        "endOffsets": "209,349,485,598,686,771,848,941,1034,1154,1265,1360,1455,1566,1706,1787,1875,2070,2164,2263,2382,2490,2651"
                    },
                    "to": {
                        "startLines": "19,20,21,22,23,24,25,26,27,28,29,30,31,32,33,34,35,36,37,38,39,40,41",
                        "startColumns": "4,4,4,4,4,4,4,4,4,4,4,4,4,4,4,4,4,4,4,4,4,4,4",
                        "startOffsets": "1919,2078,2218,2354,2467,2555,2640,2717,2810,2903,3023,3134,3229,3324,3435,3575,3656,3744,3939,4033,4132,4251,4359",
                        "endColumns": "158,139,135,112,87,84,76,92,92,119,110,94,94,110,139,80,87,194,93,98,118,107,160",
                        "endOffsets": "2073,2213,2349,2462,2550,2635,2712,2805,2898,3018,3129,3224,3319,3430,3570,3651,3739,3934,4028,4127,4246,4354,4515"
                    }
                },
                {
                    "source": "C:\\Users\\Administrator\\.gradle\\caches\\transforms-2\\files-2.1\\0519992c238d843ded62a6126a94e447\\res\\values-bn\\values-bn.xml",
                    "from": {
                        "startLines": "2,3,4,5,6,7,8,9,10,11,12,13,14,15,16,17,18,19",
                        "startColumns": "4,4,4,4,4,4,4,4,4,4,4,4,4,4,4,4,4,4",
                        "startOffsets": "105,214,326,432,526,631,760,838,916,1003,1113,1221,1320,1430,1536,1649,1814,1919",
                        "endColumns": "108,111,105,93,104,128,77,77,86,109,107,98,109,105,112,164,104,81",
                        "endOffsets": "209,321,427,521,626,755,833,911,998,1108,1216,1315,1425,1531,1644,1809,1914,1996"
                    },
                    "to": {
                        "startLines": "2,3,4,5,6,7,8,9,10,11,12,13,14,15,16,17,18,42",
                        "startColumns": "4,4,4,4,4,4,4,4,4,4,4,4,4,4,4,4,4,4",
                        "startOffsets": "105,214,326,432,526,631,760,838,916,1003,1113,1221,1320,1430,1536,1649,1814,4520",
                        "endColumns": "108,111,105,93,104,128,77,77,86,109,107,98,109,105,112,164,104,81",
                        "endOffsets": "209,321,427,521,626,755,833,911,998,1108,1216,1315,1425,1531,1644,1809,1914,4597"
                    }
                }
            ]
        }
    ]
}