{
    "logs": [
        {
            "outputFile": "D:\\workplace_20200310\\EODemo\\build\\intermediates\\incremental\\mergeDebugResources\\merged.dir\\values-el\\values-el.xml",
            "map": [
                {
                    "source": "C:\\Users\\Administrator\\.gradle\\caches\\transforms-2\\files-2.1\\0519992c238d843ded62a6126a94e447\\res\\values-el\\values-el.xml",
                    "from": {
                        "startLines": "2,3,4,5,6,7,8,9,10,11,12,13,14,15,16,17,18,19",
                        "startColumns": "4,4,4,4,4,4,4,4,4,4,4,4,4,4,4,4,4,4",
                        "startOffsets": "105,223,334,451,536,641,767,855,941,1026,1137,1247,1349,1460,1569,1677,1837,1937",
                        "endColumns": "117,110,116,84,104,125,87,85,84,110,109,101,110,108,107,159,99,84",
                        "endOffsets": "218,329,446,531,636,762,850,936,1021,1132,1242,1344,1455,1564,1672,1832,1932,2017"
                    },
                    "to": {
                        "startLines": "2,3,4,5,6,7,8,9,10,11,12,13,14,15,16,17,18,42",
                        "startColumns": "4,4,4,4,4,4,4,4,4,4,4,4,4,4,4,4,4,4",
                        "startOffsets": "105,223,334,451,536,641,767,855,941,1026,1137,1247,1349,1460,1569,1677,1837,4568",
                        "endColumns": "117,110,116,84,104,125,87,85,84,110,109,101,110,108,107,159,99,84",
                        "endOffsets": "218,329,446,531,636,762,850,936,1021,1132,1242,1344,1455,1564,1672,1832,1932,4648"
                    }
                },
                {
                    "source": "C:\\Users\\Administrator\\.gradle\\caches\\transforms-2\\files-2.1\\0cc8fc51745617bc8893e734f3da3890\\res\\values-el\\values-el.xml",
                    "from": {
                        "startLines": "2",
                        "startColumns": "4",
                        "startOffsets": "55",
                        "endColumns": "100",
                        "endOffsets": "151"
                    },
                    "to": {
                        "startLines": "43",
                        "startColumns": "4",
                        "startOffsets": "4653",
                        "endColumns": "100",
                        "endOffsets": "4749"
                    }
                },
                {
                    "source": "C:\\Users\\Administrator\\.gradle\\caches\\transforms-2\\files-2.1\\7a1c7f15582070a164abe18a772c4fa2\\res\\values-el\\values-el.xml",
                    "from": {
                        "startLines": "2,3,4,5,6,7,8,9,10,11,12,13,14,15,16,17,18,19,20,21,22,23,24",
                        "startColumns": "4,4,4,4,4,4,4,4,4,4,4,4,4,4,4,4,4,4,4,4,4,4,4",
                        "startOffsets": "55,231,381,533,646,733,825,902,992,1082,1197,1309,1403,1497,1602,1723,1807,1896,2099,2192,2299,2411,2521",
                        "endColumns": "175,149,151,112,86,91,76,89,89,114,111,93,93,104,120,83,88,202,92,106,111,109,164",
                        "endOffsets": "226,376,528,641,728,820,897,987,1077,1192,1304,1398,1492,1597,1718,1802,1891,2094,2187,2294,2406,2516,2681"
                    },
                    "to": {
                        "startLines": "19,20,21,22,23,24,25,26,27,28,29,30,31,32,33,34,35,36,37,38,39,40,41",
                        "startColumns": "4,4,4,4,4,4,4,4,4,4,4,4,4,4,4,4,4,4,4,4,4,4,4",
                        "startOffsets": "1937,2113,2263,2415,2528,2615,2707,2784,2874,2964,3079,3191,3285,3379,3484,3605,3689,3778,3981,4074,4181,4293,4403",
                        "endColumns": "175,149,151,112,86,91,76,89,89,114,111,93,93,104,120,83,88,202,92,106,111,109,164",
                        "endOffsets": "2108,2258,2410,2523,2610,2702,2779,2869,2959,3074,3186,3280,3374,3479,3600,3684,3773,3976,4069,4176,4288,4398,4563"
                    }
                }
            ]
        }
    ]
}