{
    "logs": [
        {
            "outputFile": "D:\\workplace_20200310\\EODemo\\build\\intermediates\\incremental\\mergeDebugResources\\merged.dir\\values-ko\\values-ko.xml",
            "map": [
                {
                    "source": "C:\\Users\\Administrator\\.gradle\\caches\\transforms-2\\files-2.1\\0cc8fc51745617bc8893e734f3da3890\\res\\values-ko\\values-ko.xml",
                    "from": {
                        "startLines": "2",
                        "startColumns": "4",
                        "startOffsets": "55",
                        "endColumns": "100",
                        "endOffsets": "151"
                    },
                    "to": {
                        "startLines": "43",
                        "startColumns": "4",
                        "startOffsets": "4100",
                        "endColumns": "100",
                        "endOffsets": "4196"
                    }
                },
                {
                    "source": "C:\\Users\\Administrator\\.gradle\\caches\\transforms-2\\files-2.1\\7a1c7f15582070a164abe18a772c4fa2\\res\\values-ko\\values-ko.xml",
                    "from": {
                        "startLines": "2,3,4,5,6,7,8,9,10,11,12,13,14,15,16,17,18,19,20,21,22,23,24",
                        "startColumns": "4,4,4,4,4,4,4,4,4,4,4,4,4,4,4,4,4,4,4,4,4,4,4",
                        "startOffsets": "55,190,310,429,538,618,702,779,864,950,1057,1159,1247,1335,1430,1543,1622,1703,1832,1926,2027,2133,2229",
                        "endColumns": "134,119,118,108,79,83,76,84,85,106,101,87,87,94,112,78,80,128,93,100,105,95,101",
                        "endOffsets": "185,305,424,533,613,697,774,859,945,1052,1154,1242,1330,1425,1538,1617,1698,1827,1921,2022,2128,2224,2326"
                    },
                    "to": {
                        "startLines": "19,20,21,22,23,24,25,26,27,28,29,30,31,32,33,34,35,36,37,38,39,40,41",
                        "startColumns": "4,4,4,4,4,4,4,4,4,4,4,4,4,4,4,4,4,4,4,4,4,4,4",
                        "startOffsets": "1746,1881,2001,2120,2229,2309,2393,2470,2555,2641,2748,2850,2938,3026,3121,3234,3313,3394,3523,3617,3718,3824,3920",
                        "endColumns": "134,119,118,108,79,83,76,84,85,106,101,87,87,94,112,78,80,128,93,100,105,95,101",
                        "endOffsets": "1876,1996,2115,2224,2304,2388,2465,2550,2636,2743,2845,2933,3021,3116,3229,3308,3389,3518,3612,3713,3819,3915,4017"
                    }
                },
                {
                    "source": "C:\\Users\\Administrator\\.gradle\\caches\\transforms-2\\files-2.1\\0519992c238d843ded62a6126a94e447\\res\\values-ko\\values-ko.xml",
                    "from": {
                        "startLines": "2,3,4,5,6,7,8,9,10,11,12,13,14,15,16,17,18,19",
                        "startColumns": "4,4,4,4,4,4,4,4,4,4,4,4,4,4,4,4,4,4",
                        "startOffsets": "105,200,294,396,478,576,682,761,837,917,1015,1110,1205,1305,1401,1500,1652,1746",
                        "endColumns": "94,93,101,81,97,105,78,75,79,97,94,94,99,95,98,151,93,77",
                        "endOffsets": "195,289,391,473,571,677,756,832,912,1010,1105,1200,1300,1396,1495,1647,1741,1819"
                    },
                    "to": {
                        "startLines": "2,3,4,5,6,7,8,9,10,11,12,13,14,15,16,17,18,42",
                        "startColumns": "4,4,4,4,4,4,4,4,4,4,4,4,4,4,4,4,4,4",
                        "startOffsets": "105,200,294,396,478,576,682,761,837,917,1015,1110,1205,1305,1401,1500,1652,4022",
                        "endColumns": "94,93,101,81,97,105,78,75,79,97,94,94,99,95,98,151,93,77",
                        "endOffsets": "195,289,391,473,571,677,756,832,912,1010,1105,1200,1300,1396,1495,1647,1741,4095"
                    }
                }
            ]
        }
    ]
}