{
    "logs": [
        {
            "outputFile": "D:\\workplace_20200310\\EODemo\\build\\intermediates\\incremental\\mergeDebugResources\\merged.dir\\values-uz\\values-uz.xml",
            "map": [
                {
                    "source": "C:\\Users\\Administrator\\.gradle\\caches\\transforms-2\\files-2.1\\0cc8fc51745617bc8893e734f3da3890\\res\\values-uz\\values-uz.xml",
                    "from": {
                        "startLines": "2",
                        "startColumns": "4",
                        "startOffsets": "55",
                        "endColumns": "100",
                        "endOffsets": "151"
                    },
                    "to": {
                        "startLines": "20",
                        "startColumns": "4",
                        "startOffsets": "1965",
                        "endColumns": "100",
                        "endOffsets": "2061"
                    }
                },
                {
                    "source": "C:\\Users\\Administrator\\.gradle\\caches\\transforms-2\\files-2.1\\0519992c238d843ded62a6126a94e447\\res\\values-uz\\values-uz.xml",
                    "from": {
                        "startLines": "2,3,4,5,6,7,8,9,10,11,12,13,14,15,16,17,18,19",
                        "startColumns": "4,4,4,4,4,4,4,4,4,4,4,4,4,4,4,4,4,4",
                        "startOffsets": "105,210,314,428,514,625,741,821,900,984,1093,1200,1301,1409,1514,1621,1782,1881",
                        "endColumns": "104,103,113,85,110,115,79,78,83,108,106,100,107,104,106,160,98,83",
                        "endOffsets": "205,309,423,509,620,736,816,895,979,1088,1195,1296,1404,1509,1616,1777,1876,1960"
                    }
                }
            ]
        }
    ]
}