{
    "logs": [
        {
            "outputFile": "D:\\workplace_20200310\\EODemo\\build\\intermediates\\incremental\\mergeDebugResources\\merged.dir\\values-ru\\values-ru.xml",
            "map": [
                {
                    "source": "C:\\Users\\Administrator\\.gradle\\caches\\transforms-2\\files-2.1\\0cc8fc51745617bc8893e734f3da3890\\res\\values-ru\\values-ru.xml",
                    "from": {
                        "startLines": "2",
                        "startColumns": "4",
                        "startOffsets": "55",
                        "endColumns": "100",
                        "endOffsets": "151"
                    },
                    "to": {
                        "startLines": "43",
                        "startColumns": "4",
                        "startOffsets": "4514",
                        "endColumns": "100",
                        "endOffsets": "4610"
                    }
                },
                {
                    "source": "C:\\Users\\Administrator\\.gradle\\caches\\transforms-2\\files-2.1\\0519992c238d843ded62a6126a94e447\\res\\values-ru\\values-ru.xml",
                    "from": {
                        "startLines": "2,3,4,5,6,7,8,9,10,11,12,13,14,15,16,17,18,19",
                        "startColumns": "4,4,4,4,4,4,4,4,4,4,4,4,4,4,4,4,4,4",
                        "startOffsets": "105,220,322,434,520,625,745,824,902,982,1088,1196,1294,1403,1509,1617,1792,1892",
                        "endColumns": "114,101,111,85,104,119,78,77,79,105,107,97,108,105,107,174,99,80",
                        "endOffsets": "215,317,429,515,620,740,819,897,977,1083,1191,1289,1398,1504,1612,1787,1887,1968"
                    },
                    "to": {
                        "startLines": "2,3,4,5,6,7,8,9,10,11,12,13,14,15,16,17,18,42",
                        "startColumns": "4,4,4,4,4,4,4,4,4,4,4,4,4,4,4,4,4,4",
                        "startOffsets": "105,220,322,434,520,625,745,824,902,982,1088,1196,1294,1403,1509,1617,1792,4433",
                        "endColumns": "114,101,111,85,104,119,78,77,79,105,107,97,108,105,107,174,99,80",
                        "endOffsets": "215,317,429,515,620,740,819,897,977,1083,1191,1289,1398,1504,1612,1787,1887,4509"
                    }
                },
                {
                    "source": "C:\\Users\\Administrator\\.gradle\\caches\\transforms-2\\files-2.1\\7a1c7f15582070a164abe18a772c4fa2\\res\\values-ru\\values-ru.xml",
                    "from": {
                        "startLines": "2,3,4,5,6,7,8,9,10,11,12,13,14,15,16,17,18,19,20,21,22,23,24",
                        "startColumns": "4,4,4,4,4,4,4,4,4,4,4,4,4,4,4,4,4,4,4,4,4,4,4",
                        "startOffsets": "55,212,346,493,606,691,780,858,947,1035,1148,1255,1344,1433,1532,1654,1739,1826,2023,2118,2215,2330,2436",
                        "endColumns": "156,133,146,112,84,88,77,88,87,112,106,88,88,98,121,84,86,196,94,96,114,105,159",
                        "endOffsets": "207,341,488,601,686,775,853,942,1030,1143,1250,1339,1428,1527,1649,1734,1821,2018,2113,2210,2325,2431,2591"
                    },
                    "to": {
                        "startLines": "19,20,21,22,23,24,25,26,27,28,29,30,31,32,33,34,35,36,37,38,39,40,41",
                        "startColumns": "4,4,4,4,4,4,4,4,4,4,4,4,4,4,4,4,4,4,4,4,4,4,4",
                        "startOffsets": "1892,2049,2183,2330,2443,2528,2617,2695,2784,2872,2985,3092,3181,3270,3369,3491,3576,3663,3860,3955,4052,4167,4273",
                        "endColumns": "156,133,146,112,84,88,77,88,87,112,106,88,88,98,121,84,86,196,94,96,114,105,159",
                        "endOffsets": "2044,2178,2325,2438,2523,2612,2690,2779,2867,2980,3087,3176,3265,3364,3486,3571,3658,3855,3950,4047,4162,4268,4428"
                    }
                }
            ]
        }
    ]
}