{
    "logs": [
        {
            "outputFile": "D:\\workplace_20200310\\EODemo\\build\\intermediates\\incremental\\mergeDebugResources\\merged.dir\\values-pt\\values-pt.xml",
            "map": [
                {
                    "source": "C:\\Users\\Administrator\\.gradle\\caches\\transforms-2\\files-2.1\\0519992c238d843ded62a6126a94e447\\res\\values-pt\\values-pt.xml",
                    "from": {
                        "startLines": "2,3,4,5,6,7,8,9,10,11,12,13,14,15,16,17,18,19",
                        "startColumns": "4,4,4,4,4,4,4,4,4,4,4,4,4,4,4,4,4,4",
                        "startOffsets": "105,225,331,438,527,628,746,829,909,996,1103,1215,1317,1425,1532,1642,1804,1904",
                        "endColumns": "119,105,106,88,100,117,82,79,86,106,111,101,107,106,109,161,99,84",
                        "endOffsets": "220,326,433,522,623,741,824,904,991,1098,1210,1312,1420,1527,1637,1799,1899,1984"
                    },
                    "to": {
                        "startLines": "2,3,4,5,6,7,8,9,10,11,12,13,14,15,16,17,18,42",
                        "startColumns": "4,4,4,4,4,4,4,4,4,4,4,4,4,4,4,4,4,4",
                        "startOffsets": "105,225,331,438,527,628,746,829,909,996,1103,1215,1317,1425,1532,1642,1804,4440",
                        "endColumns": "119,105,106,88,100,117,82,79,86,106,111,101,107,106,109,161,99,84",
                        "endOffsets": "220,326,433,522,623,741,824,904,991,1098,1210,1312,1420,1527,1637,1799,1899,4520"
                    }
                },
                {
                    "source": "C:\\Users\\Administrator\\.gradle\\caches\\transforms-2\\files-2.1\\0cc8fc51745617bc8893e734f3da3890\\res\\values-pt\\values-pt.xml",
                    "from": {
                        "startLines": "2",
                        "startColumns": "4",
                        "startOffsets": "55",
                        "endColumns": "100",
                        "endOffsets": "151"
                    },
                    "to": {
                        "startLines": "43",
                        "startColumns": "4",
                        "startOffsets": "4525",
                        "endColumns": "100",
                        "endOffsets": "4621"
                    }
                },
                {
                    "source": "C:\\Users\\Administrator\\.gradle\\caches\\transforms-2\\files-2.1\\7a1c7f15582070a164abe18a772c4fa2\\res\\values-pt\\values-pt.xml",
                    "from": {
                        "startLines": "2,3,4,5,6,7,8,9,10,11,12,13,14,15,16,17,18,19,20,21,22,23,24",
                        "startColumns": "4,4,4,4,4,4,4,4,4,4,4,4,4,4,4,4,4,4,4,4,4,4,4",
                        "startOffsets": "55,212,337,476,587,670,757,837,928,1017,1133,1242,1330,1418,1520,1641,1723,1812,2008,2102,2204,2319,2424",
                        "endColumns": "156,124,138,110,82,86,79,90,88,115,108,87,87,101,120,81,88,195,93,101,114,104,166",
                        "endOffsets": "207,332,471,582,665,752,832,923,1012,1128,1237,1325,1413,1515,1636,1718,1807,2003,2097,2199,2314,2419,2586"
                    },
                    "to": {
                        "startLines": "19,20,21,22,23,24,25,26,27,28,29,30,31,32,33,34,35,36,37,38,39,40,41",
                        "startColumns": "4,4,4,4,4,4,4,4,4,4,4,4,4,4,4,4,4,4,4,4,4,4,4",
                        "startOffsets": "1904,2061,2186,2325,2436,2519,2606,2686,2777,2866,2982,3091,3179,3267,3369,3490,3572,3661,3857,3951,4053,4168,4273",
                        "endColumns": "156,124,138,110,82,86,79,90,88,115,108,87,87,101,120,81,88,195,93,101,114,104,166",
                        "endOffsets": "2056,2181,2320,2431,2514,2601,2681,2772,2861,2977,3086,3174,3262,3364,3485,3567,3656,3852,3946,4048,4163,4268,4435"
                    }
                }
            ]
        }
    ]
}