{
    "logs": [
        {
            "outputFile": "D:\\workplace_20200310\\EODemo\\build\\intermediates\\incremental\\mergeDebugResources\\merged.dir\\values-ar\\values-ar.xml",
            "map": [
                {
                    "source": "C:\\Users\\Administrator\\.gradle\\caches\\transforms-2\\files-2.1\\0519992c238d843ded62a6126a94e447\\res\\values-ar\\values-ar.xml",
                    "from": {
                        "startLines": "2,3,4,5,6,7,8,9,10,11,12,13,14,15,16,17,18,19",
                        "startColumns": "4,4,4,4,4,4,4,4,4,4,4,4,4,4,4,4,4,4",
                        "startOffsets": "105,222,326,435,517,618,732,811,890,969,1074,1175,1271,1379,1482,1585,1740,1837",
                        "endColumns": "116,103,108,81,100,113,78,78,78,104,100,95,107,102,102,154,96,80",
                        "endOffsets": "217,321,430,512,613,727,806,885,964,1069,1170,1266,1374,1477,1580,1735,1832,1913"
                    },
                    "to": {
                        "startLines": "2,3,4,5,6,7,8,9,10,11,12,13,14,15,16,17,18,42",
                        "startColumns": "4,4,4,4,4,4,4,4,4,4,4,4,4,4,4,4,4,4",
                        "startOffsets": "105,222,326,435,517,618,732,811,890,969,1074,1175,1271,1379,1482,1585,1740,4330",
                        "endColumns": "116,103,108,81,100,113,78,78,78,104,100,95,107,102,102,154,96,80",
                        "endOffsets": "217,321,430,512,613,727,806,885,964,1069,1170,1266,1374,1477,1580,1735,1832,4406"
                    }
                },
                {
                    "source": "C:\\Users\\Administrator\\.gradle\\caches\\transforms-2\\files-2.1\\0cc8fc51745617bc8893e734f3da3890\\res\\values-ar\\values-ar.xml",
                    "from": {
                        "startLines": "2",
                        "startColumns": "4",
                        "startOffsets": "55",
                        "endColumns": "100",
                        "endOffsets": "151"
                    },
                    "to": {
                        "startLines": "43",
                        "startColumns": "4",
                        "startOffsets": "4411",
                        "endColumns": "100",
                        "endOffsets": "4507"
                    }
                },
                {
                    "source": "C:\\Users\\Administrator\\.gradle\\caches\\transforms-2\\files-2.1\\7a1c7f15582070a164abe18a772c4fa2\\res\\values-ar\\values-ar.xml",
                    "from": {
                        "startLines": "2,3,4,5,6,7,8,9,10,11,12,13,14,15,16,17,18,19,20,21,22,23,24",
                        "startColumns": "4,4,4,4,4,4,4,4,4,4,4,4,4,4,4,4,4,4,4,4,4,4,4",
                        "startOffsets": "55,210,333,474,584,666,753,833,921,1016,1127,1240,1336,1432,1540,1670,1751,1834,1983,2077,2176,2288,2396",
                        "endColumns": "154,122,140,109,81,86,79,87,94,110,112,95,95,107,129,80,82,148,93,98,111,107,151",
                        "endOffsets": "205,328,469,579,661,748,828,916,1011,1122,1235,1331,1427,1535,1665,1746,1829,1978,2072,2171,2283,2391,2543"
                    },
                    "to": {
                        "startLines": "19,20,21,22,23,24,25,26,27,28,29,30,31,32,33,34,35,36,37,38,39,40,41",
                        "startColumns": "4,4,4,4,4,4,4,4,4,4,4,4,4,4,4,4,4,4,4,4,4,4,4",
                        "startOffsets": "1837,1992,2115,2256,2366,2448,2535,2615,2703,2798,2909,3022,3118,3214,3322,3452,3533,3616,3765,3859,3958,4070,4178",
                        "endColumns": "154,122,140,109,81,86,79,87,94,110,112,95,95,107,129,80,82,148,93,98,111,107,151",
                        "endOffsets": "1987,2110,2251,2361,2443,2530,2610,2698,2793,2904,3017,3113,3209,3317,3447,3528,3611,3760,3854,3953,4065,4173,4325"
                    }
                }
            ]
        }
    ]
}