{
    "logs": [
        {
            "outputFile": "D:\\workplace_20200310\\EODemo\\build\\intermediates\\incremental\\mergeDebugResources\\merged.dir\\values-vi\\values-vi.xml",
            "map": [
                {
                    "source": "C:\\Users\\Administrator\\.gradle\\caches\\transforms-2\\files-2.1\\0cc8fc51745617bc8893e734f3da3890\\res\\values-vi\\values-vi.xml",
                    "from": {
                        "startLines": "2",
                        "startColumns": "4",
                        "startOffsets": "55",
                        "endColumns": "100",
                        "endOffsets": "151"
                    },
                    "to": {
                        "startLines": "43",
                        "startColumns": "4",
                        "startOffsets": "4483",
                        "endColumns": "100",
                        "endOffsets": "4579"
                    }
                },
                {
                    "source": "C:\\Users\\Administrator\\.gradle\\caches\\transforms-2\\files-2.1\\0519992c238d843ded62a6126a94e447\\res\\values-vi\\values-vi.xml",
                    "from": {
                        "startLines": "2,3,4,5,6,7,8,9,10,11,12,13,14,15,16,17,18,19",
                        "startColumns": "4,4,4,4,4,4,4,4,4,4,4,4,4,4,4,4,4,4",
                        "startOffsets": "105,219,327,436,520,623,742,819,896,980,1084,1193,1294,1399,1513,1618,1775,1874",
                        "endColumns": "113,107,108,83,102,118,76,76,83,103,108,100,104,113,104,156,98,83",
                        "endOffsets": "214,322,431,515,618,737,814,891,975,1079,1188,1289,1394,1508,1613,1770,1869,1953"
                    },
                    "to": {
                        "startLines": "2,3,4,5,6,7,8,9,10,11,12,13,14,15,16,17,18,42",
                        "startColumns": "4,4,4,4,4,4,4,4,4,4,4,4,4,4,4,4,4,4",
                        "startOffsets": "105,219,327,436,520,623,742,819,896,980,1084,1193,1294,1399,1513,1618,1775,4399",
                        "endColumns": "113,107,108,83,102,118,76,76,83,103,108,100,104,113,104,156,98,83",
                        "endOffsets": "214,322,431,515,618,737,814,891,975,1079,1188,1289,1394,1508,1613,1770,1869,4478"
                    }
                },
                {
                    "source": "C:\\Users\\Administrator\\.gradle\\caches\\transforms-2\\files-2.1\\7a1c7f15582070a164abe18a772c4fa2\\res\\values-vi\\values-vi.xml",
                    "from": {
                        "startLines": "2,3,4,5,6,7,8,9,10,11,12,13,14,15,16,17,18,19,20,21,22,23,24",
                        "startColumns": "4,4,4,4,4,4,4,4,4,4,4,4,4,4,4,4,4,4,4,4,4,4,4",
                        "startOffsets": "55,215,346,486,596,681,767,843,929,1021,1134,1245,1338,1431,1539,1659,1738,1822,2006,2102,2208,2326,2434",
                        "endColumns": "159,130,139,109,84,85,75,85,91,112,110,92,92,107,119,78,83,183,95,105,117,107,145",
                        "endOffsets": "210,341,481,591,676,762,838,924,1016,1129,1240,1333,1426,1534,1654,1733,1817,2001,2097,2203,2321,2429,2575"
                    },
                    "to": {
                        "startLines": "19,20,21,22,23,24,25,26,27,28,29,30,31,32,33,34,35,36,37,38,39,40,41",
                        "startColumns": "4,4,4,4,4,4,4,4,4,4,4,4,4,4,4,4,4,4,4,4,4,4,4",
                        "startOffsets": "1874,2034,2165,2305,2415,2500,2586,2662,2748,2840,2953,3064,3157,3250,3358,3478,3557,3641,3825,3921,4027,4145,4253",
                        "endColumns": "159,130,139,109,84,85,75,85,91,112,110,92,92,107,119,78,83,183,95,105,117,107,145",
                        "endOffsets": "2029,2160,2300,2410,2495,2581,2657,2743,2835,2948,3059,3152,3245,3353,3473,3552,3636,3820,3916,4022,4140,4248,4394"
                    }
                }
            ]
        }
    ]
}