{
    "logs": [
        {
            "outputFile": "D:\\workplace_20200310\\EODemo\\build\\intermediates\\incremental\\mergeDebugResources\\merged.dir\\values-ml\\values-ml.xml",
            "map": [
                {
                    "source": "C:\\Users\\Administrator\\.gradle\\caches\\transforms-2\\files-2.1\\0cc8fc51745617bc8893e734f3da3890\\res\\values-ml\\values-ml.xml",
                    "from": {
                        "startLines": "2",
                        "startColumns": "4",
                        "startOffsets": "55",
                        "endColumns": "100",
                        "endOffsets": "151"
                    },
                    "to": {
                        "startLines": "43",
                        "startColumns": "4",
                        "startOffsets": "4688",
                        "endColumns": "100",
                        "endOffsets": "4784"
                    }
                },
                {
                    "source": "C:\\Users\\Administrator\\.gradle\\caches\\transforms-2\\files-2.1\\0519992c238d843ded62a6126a94e447\\res\\values-ml\\values-ml.xml",
                    "from": {
                        "startLines": "2,3,4,5,6,7,8,9,10,11,12,13,14,15,16,17,18,19",
                        "startColumns": "4,4,4,4,4,4,4,4,4,4,4,4,4,4,4,4,4,4",
                        "startOffsets": "105,224,342,457,550,655,787,864,940,1022,1133,1239,1337,1451,1551,1662,1821,1922",
                        "endColumns": "118,117,114,92,104,131,76,75,81,110,105,97,113,99,110,158,100,81",
                        "endOffsets": "219,337,452,545,650,782,859,935,1017,1128,1234,1332,1446,1546,1657,1816,1917,1999"
                    },
                    "to": {
                        "startLines": "2,3,4,5,6,7,8,9,10,11,12,13,14,15,16,17,18,42",
                        "startColumns": "4,4,4,4,4,4,4,4,4,4,4,4,4,4,4,4,4,4",
                        "startOffsets": "105,224,342,457,550,655,787,864,940,1022,1133,1239,1337,1451,1551,1662,1821,4606",
                        "endColumns": "118,117,114,92,104,131,76,75,81,110,105,97,113,99,110,158,100,81",
                        "endOffsets": "219,337,452,545,650,782,859,935,1017,1128,1234,1332,1446,1546,1657,1816,1917,4683"
                    }
                },
                {
                    "source": "C:\\Users\\Administrator\\.gradle\\caches\\transforms-2\\files-2.1\\7a1c7f15582070a164abe18a772c4fa2\\res\\values-ml\\values-ml.xml",
                    "from": {
                        "startLines": "2,3,4,5,6,7,8,9,10,11,12,13,14,15,16,17,18,19,20,21,22,23,24",
                        "startColumns": "4,4,4,4,4,4,4,4,4,4,4,4,4,4,4,4,4,4,4,4,4,4,4",
                        "startOffsets": "55,220,364,507,619,708,802,885,978,1075,1193,1314,1414,1514,1628,1755,1840,1925,2124,2226,2332,2450,2560",
                        "endColumns": "164,143,142,111,88,93,82,92,96,117,120,99,99,113,126,84,84,198,101,105,117,109,178",
                        "endOffsets": "215,359,502,614,703,797,880,973,1070,1188,1309,1409,1509,1623,1750,1835,1920,2119,2221,2327,2445,2555,2734"
                    },
                    "to": {
                        "startLines": "19,20,21,22,23,24,25,26,27,28,29,30,31,32,33,34,35,36,37,38,39,40,41",
                        "startColumns": "4,4,4,4,4,4,4,4,4,4,4,4,4,4,4,4,4,4,4,4,4,4,4",
                        "startOffsets": "1922,2087,2231,2374,2486,2575,2669,2752,2845,2942,3060,3181,3281,3381,3495,3622,3707,3792,3991,4093,4199,4317,4427",
                        "endColumns": "164,143,142,111,88,93,82,92,96,117,120,99,99,113,126,84,84,198,101,105,117,109,178",
                        "endOffsets": "2082,2226,2369,2481,2570,2664,2747,2840,2937,3055,3176,3276,3376,3490,3617,3702,3787,3986,4088,4194,4312,4422,4601"
                    }
                }
            ]
        }
    ]
}