{
    "logs": [
        {
            "outputFile": "D:\\workplace_20200310\\EODemo\\build\\intermediates\\incremental\\mergeDebugResources\\merged.dir\\values-cs\\values-cs.xml",
            "map": [
                {
                    "source": "C:\\Users\\Administrator\\.gradle\\caches\\transforms-2\\files-2.1\\0519992c238d843ded62a6126a94e447\\res\\values-cs\\values-cs.xml",
                    "from": {
                        "startLines": "2,3,4,5,6,7,8,9,10,11,12,13,14,15,16,17,18,19",
                        "startColumns": "4,4,4,4,4,4,4,4,4,4,4,4,4,4,4,4,4,4",
                        "startOffsets": "105,212,314,423,509,614,731,812,893,977,1081,1190,1289,1395,1505,1612,1775,1873",
                        "endColumns": "106,101,108,85,104,116,80,80,83,103,108,98,105,109,106,162,97,81",
                        "endOffsets": "207,309,418,504,609,726,807,888,972,1076,1185,1284,1390,1500,1607,1770,1868,1950"
                    },
                    "to": {
                        "startLines": "2,3,4,5,6,7,8,9,10,11,12,13,14,15,16,17,18,42",
                        "startColumns": "4,4,4,4,4,4,4,4,4,4,4,4,4,4,4,4,4,4",
                        "startOffsets": "105,212,314,423,509,614,731,812,893,977,1081,1190,1289,1395,1505,1612,1775,4430",
                        "endColumns": "106,101,108,85,104,116,80,80,83,103,108,98,105,109,106,162,97,81",
                        "endOffsets": "207,309,418,504,609,726,807,888,972,1076,1185,1284,1390,1500,1607,1770,1868,4507"
                    }
                },
                {
                    "source": "C:\\Users\\Administrator\\.gradle\\caches\\transforms-2\\files-2.1\\0cc8fc51745617bc8893e734f3da3890\\res\\values-cs\\values-cs.xml",
                    "from": {
                        "startLines": "2",
                        "startColumns": "4",
                        "startOffsets": "55",
                        "endColumns": "100",
                        "endOffsets": "151"
                    },
                    "to": {
                        "startLines": "43",
                        "startColumns": "4",
                        "startOffsets": "4512",
                        "endColumns": "100",
                        "endOffsets": "4608"
                    }
                },
                {
                    "source": "C:\\Users\\Administrator\\.gradle\\caches\\transforms-2\\files-2.1\\7a1c7f15582070a164abe18a772c4fa2\\res\\values-cs\\values-cs.xml",
                    "from": {
                        "startLines": "2,3,4,5,6,7,8,9,10,11,12,13,14,15,16,17,18,19,20,21,22,23,24",
                        "startColumns": "4,4,4,4,4,4,4,4,4,4,4,4,4,4,4,4,4,4,4,4,4,4,4",
                        "startOffsets": "55,213,341,473,585,678,772,850,939,1032,1148,1262,1357,1452,1557,1675,1758,1841,2037,2133,2237,2353,2462",
                        "endColumns": "157,127,131,111,92,93,77,88,92,115,113,94,94,104,117,82,82,195,95,103,115,108,149",
                        "endOffsets": "208,336,468,580,673,767,845,934,1027,1143,1257,1352,1447,1552,1670,1753,1836,2032,2128,2232,2348,2457,2607"
                    },
                    "to": {
                        "startLines": "19,20,21,22,23,24,25,26,27,28,29,30,31,32,33,34,35,36,37,38,39,40,41",
                        "startColumns": "4,4,4,4,4,4,4,4,4,4,4,4,4,4,4,4,4,4,4,4,4,4,4",
                        "startOffsets": "1873,2031,2159,2291,2403,2496,2590,2668,2757,2850,2966,3080,3175,3270,3375,3493,3576,3659,3855,3951,4055,4171,4280",
                        "endColumns": "157,127,131,111,92,93,77,88,92,115,113,94,94,104,117,82,82,195,95,103,115,108,149",
                        "endOffsets": "2026,2154,2286,2398,2491,2585,2663,2752,2845,2961,3075,3170,3265,3370,3488,3571,3654,3850,3946,4050,4166,4275,4425"
                    }
                }
            ]
        }
    ]
}