{
    "logs": [
        {
            "outputFile": "D:\\workplace_20200310\\EODemo\\build\\intermediates\\incremental\\mergeDebugResources\\merged.dir\\values-ja\\values-ja.xml",
            "map": [
                {
                    "source": "C:\\Users\\Administrator\\.gradle\\caches\\transforms-2\\files-2.1\\0cc8fc51745617bc8893e734f3da3890\\res\\values-ja\\values-ja.xml",
                    "from": {
                        "startLines": "2",
                        "startColumns": "4",
                        "startOffsets": "55",
                        "endColumns": "100",
                        "endOffsets": "151"
                    },
                    "to": {
                        "startLines": "43",
                        "startColumns": "4",
                        "startOffsets": "4126",
                        "endColumns": "100",
                        "endOffsets": "4222"
                    }
                },
                {
                    "source": "C:\\Users\\Administrator\\.gradle\\caches\\transforms-2\\files-2.1\\0519992c238d843ded62a6126a94e447\\res\\values-ja\\values-ja.xml",
                    "from": {
                        "startLines": "2,3,4,5,6,7,8,9,10,11,12,13,14,15,16,17,18,19",
                        "startColumns": "4,4,4,4,4,4,4,4,4,4,4,4,4,4,4,4,4,4",
                        "startOffsets": "105,202,295,400,482,580,688,765,841,919,1021,1120,1215,1318,1413,1509,1657,1754",
                        "endColumns": "96,92,104,81,97,107,76,75,77,101,98,94,102,94,95,147,96,77",
                        "endOffsets": "197,290,395,477,575,683,760,836,914,1016,1115,1210,1313,1408,1504,1652,1749,1827"
                    },
                    "to": {
                        "startLines": "2,3,4,5,6,7,8,9,10,11,12,13,14,15,16,17,18,42",
                        "startColumns": "4,4,4,4,4,4,4,4,4,4,4,4,4,4,4,4,4,4",
                        "startOffsets": "105,202,295,400,482,580,688,765,841,919,1021,1120,1215,1318,1413,1509,1657,4048",
                        "endColumns": "96,92,104,81,97,107,76,75,77,101,98,94,102,94,95,147,96,77",
                        "endOffsets": "197,290,395,477,575,683,760,836,914,1016,1115,1210,1313,1408,1504,1652,1749,4121"
                    }
                },
                {
                    "source": "C:\\Users\\Administrator\\.gradle\\caches\\transforms-2\\files-2.1\\7a1c7f15582070a164abe18a772c4fa2\\res\\values-ja\\values-ja.xml",
                    "from": {
                        "startLines": "2,3,4,5,6,7,8,9,10,11,12,13,14,15,16,17,18,19,20,21,22,23,24",
                        "startColumns": "4,4,4,4,4,4,4,4,4,4,4,4,4,4,4,4,4,4,4,4,4,4,4",
                        "startOffsets": "55,194,307,435,544,631,716,791,879,966,1071,1172,1261,1350,1444,1552,1630,1710,1845,1940,2043,2150,2247",
                        "endColumns": "138,112,127,108,86,84,74,87,86,104,100,88,88,93,107,77,79,134,94,102,106,96,101",
                        "endOffsets": "189,302,430,539,626,711,786,874,961,1066,1167,1256,1345,1439,1547,1625,1705,1840,1935,2038,2145,2242,2344"
                    },
                    "to": {
                        "startLines": "19,20,21,22,23,24,25,26,27,28,29,30,31,32,33,34,35,36,37,38,39,40,41",
                        "startColumns": "4,4,4,4,4,4,4,4,4,4,4,4,4,4,4,4,4,4,4,4,4,4,4",
                        "startOffsets": "1754,1893,2006,2134,2243,2330,2415,2490,2578,2665,2770,2871,2960,3049,3143,3251,3329,3409,3544,3639,3742,3849,3946",
                        "endColumns": "138,112,127,108,86,84,74,87,86,104,100,88,88,93,107,77,79,134,94,102,106,96,101",
                        "endOffsets": "1888,2001,2129,2238,2325,2410,2485,2573,2660,2765,2866,2955,3044,3138,3246,3324,3404,3539,3634,3737,3844,3941,4043"
                    }
                }
            ]
        }
    ]
}