{
    "logs": [
        {
            "outputFile": "D:\\workplace_20200310\\EODemo\\build\\intermediates\\incremental\\mergeDebugResources\\merged.dir\\values-v16\\values-v16.xml",
            "map": [
                {
                    "source": "C:\\Users\\Administrator\\.gradle\\caches\\transforms-2\\files-2.1\\0519992c238d843ded62a6126a94e447\\res\\values-v16\\values-v16.xml",
                    "from": {
                        "startLines": "2",
                        "startColumns": "4",
                        "startOffsets": "55",
                        "endLines": "5",
                        "endColumns": "12",
                        "endOffsets": "223"
                    },
                    "to": {
                        "startLines": "3",
                        "startColumns": "4",
                        "startOffsets": "121",
                        "endLines": "6",
                        "endColumns": "12",
                        "endOffsets": "289"
                    }
                },
                {
                    "source": "C:\\Users\\Administrator\\.gradle\\caches\\transforms-2\\files-2.1\\0cc8fc51745617bc8893e734f3da3890\\res\\values-v16\\values-v16.xml",
                    "from": {
                        "startLines": "2",
                        "startColumns": "4",
                        "startOffsets": "55",
                        "endColumns": "65",
                        "endOffsets": "116"
                    }
                }
            ]
        }
    ]
}