{
    "logs": [
        {
            "outputFile": "D:\\workplace_20200310\\EODemo\\build\\intermediates\\incremental\\mergeDebugResources\\merged.dir\\values-bg\\values-bg.xml",
            "map": [
                {
                    "source": "C:\\Users\\Administrator\\.gradle\\caches\\transforms-2\\files-2.1\\0519992c238d843ded62a6126a94e447\\res\\values-bg\\values-bg.xml",
                    "from": {
                        "startLines": "2,3,4,5,6,7,8,9,10,11,12,13,14,15,16,17,18,19",
                        "startColumns": "4,4,4,4,4,4,4,4,4,4,4,4,4,4,4,4,4,4",
                        "startOffsets": "105,220,327,432,518,623,744,823,901,984,1098,1207,1307,1421,1527,1635,1795,1894",
                        "endColumns": "114,106,104,85,104,120,78,77,82,113,108,99,113,105,107,159,98,82",
                        "endOffsets": "215,322,427,513,618,739,818,896,979,1093,1202,1302,1416,1522,1630,1790,1889,1972"
                    }
                },
                {
                    "source": "C:\\Users\\Administrator\\.gradle\\caches\\transforms-2\\files-2.1\\0cc8fc51745617bc8893e734f3da3890\\res\\values-bg\\values-bg.xml",
                    "from": {
                        "startLines": "2",
                        "startColumns": "4",
                        "startOffsets": "55",
                        "endColumns": "100",
                        "endOffsets": "151"
                    },
                    "to": {
                        "startLines": "20",
                        "startColumns": "4",
                        "startOffsets": "1977",
                        "endColumns": "100",
                        "endOffsets": "2073"
                    }
                }
            ]
        }
    ]
}