{
    "logs": [
        {
            "outputFile": "D:\\workplace_20200310\\EODemo\\build\\intermediates\\incremental\\mergeDebugResources\\merged.dir\\values-sl\\values-sl.xml",
            "map": [
                {
                    "source": "C:\\Users\\Administrator\\.gradle\\caches\\transforms-2\\files-2.1\\0cc8fc51745617bc8893e734f3da3890\\res\\values-sl\\values-sl.xml",
                    "from": {
                        "startLines": "2",
                        "startColumns": "4",
                        "startOffsets": "55",
                        "endColumns": "100",
                        "endOffsets": "151"
                    },
                    "to": {
                        "startLines": "20",
                        "startColumns": "4",
                        "startOffsets": "1990",
                        "endColumns": "100",
                        "endOffsets": "2086"
                    }
                },
                {
                    "source": "C:\\Users\\Administrator\\.gradle\\caches\\transforms-2\\files-2.1\\0519992c238d843ded62a6126a94e447\\res\\values-sl\\values-sl.xml",
                    "from": {
                        "startLines": "2,3,4,5,6,7,8,9,10,11,12,13,14,15,16,17,18,19",
                        "startColumns": "4,4,4,4,4,4,4,4,4,4,4,4,4,4,4,4,4,4",
                        "startOffsets": "105,212,319,427,514,617,736,821,905,989,1097,1206,1306,1419,1526,1630,1810,1907",
                        "endColumns": "106,106,107,86,102,118,84,83,83,107,108,99,112,106,103,179,96,82",
                        "endOffsets": "207,314,422,509,612,731,816,900,984,1092,1201,1301,1414,1521,1625,1805,1902,1985"
                    }
                }
            ]
        }
    ]
}