{
    "logs": [
        {
            "outputFile": "D:\\workplace_20200310\\EODemo\\build\\intermediates\\incremental\\mergeDebugResources\\merged.dir\\values-v14\\values-v14.xml",
            "map": [
                {
                    "source": "D:\\workplace_20200310\\EODemo\\res\\values-v14\\styles.xml",
                    "from": {
                        "startLines": "7",
                        "startColumns": "4",
                        "startOffsets": "220",
                        "endLines": "9",
                        "endColumns": "12",
                        "endOffsets": "366"
                    },
                    "to": {
                        "startLines": "2",
                        "startColumns": "4",
                        "startOffsets": "55",
                        "endLines": "4",
                        "endColumns": "12",
                        "endOffsets": "201"
                    }
                },
                {
                    "source": "C:\\Users\\Administrator\\.gradle\\caches\\transforms-2\\files-2.1\\0519992c238d843ded62a6126a94e447\\res\\values-v14\\values-v14.xml",
                    "from": {
                        "startLines": "2,7,8,9,15",
                        "startColumns": "4,4,4,4,4",
                        "startOffsets": "55,331,402,485,895",
                        "endLines": "6,7,8,14,20",
                        "endColumns": "12,70,82,12,12",
                        "endOffsets": "326,397,480,890,1312"
                    },
                    "to": {
                        "startLines": "5,10,11,12,18",
                        "startColumns": "4,4,4,4,4",
                        "startOffsets": "206,482,553,636,1046",
                        "endLines": "9,10,11,17,23",
                        "endColumns": "12,70,82,12,12",
                        "endOffsets": "477,548,631,1041,1463"
                    }
                }
            ]
        }
    ]
}