{
    "logs": [
        {
            "outputFile": "D:\\workplace_20200310\\EODemo\\build\\intermediates\\incremental\\mergeDebugResources\\merged.dir\\values-w820dp-v13\\values-w820dp-v13.xml",
            "map": [
                {
                    "source": "D:\\workplace_20200310\\EODemo\\res\\values-w820dp\\dimens.xml",
                    "from": {
                        "startLines": "7",
                        "startColumns": "4",
                        "startOffsets": "305",
                        "endColumns": "57",
                        "endOffsets": "358"
                    },
                    "to": {
                        "startLines": "2",
                        "startColumns": "4",
                        "startOffsets": "55",
                        "endColumns": "57",
                        "endOffsets": "108"
                    }
                }
            ]
        }
    ]
}