{
    "logs": [
        {
            "outputFile": "D:\\workplace_20200310\\EODemo\\build\\intermediates\\incremental\\mergeDebugResources\\merged.dir\\values-in\\values-in.xml",
            "map": [
                {
                    "source": "C:\\Users\\Administrator\\.gradle\\caches\\transforms-2\\files-2.1\\0519992c238d843ded62a6126a94e447\\res\\values-in\\values-in.xml",
                    "from": {
                        "startLines": "2,3,4,5,6,7,8,9,10,11,12,13,14,15,16,17,18,19",
                        "startColumns": "4,4,4,4,4,4,4,4,4,4,4,4,4,4,4,4,4,4",
                        "startOffsets": "105,215,317,422,509,613,729,811,890,976,1079,1188,1289,1393,1501,1609,1765,1864",
                        "endColumns": "109,101,104,86,103,115,81,78,85,102,108,100,103,107,107,155,98,83",
                        "endOffsets": "210,312,417,504,608,724,806,885,971,1074,1183,1284,1388,1496,1604,1760,1859,1943"
                    },
                    "to": {
                        "startLines": "2,3,4,5,6,7,8,9,10,11,12,13,14,15,16,17,18,42",
                        "startColumns": "4,4,4,4,4,4,4,4,4,4,4,4,4,4,4,4,4,4",
                        "startOffsets": "105,215,317,422,509,613,729,811,890,976,1079,1188,1289,1393,1501,1609,1765,4408",
                        "endColumns": "109,101,104,86,103,115,81,78,85,102,108,100,103,107,107,155,98,83",
                        "endOffsets": "210,312,417,504,608,724,806,885,971,1074,1183,1284,1388,1496,1604,1760,1859,4487"
                    }
                },
                {
                    "source": "C:\\Users\\Administrator\\.gradle\\caches\\transforms-2\\files-2.1\\7a1c7f15582070a164abe18a772c4fa2\\res\\values-in\\values-in.xml",
                    "from": {
                        "startLines": "2,3,4,5,6,7,8,9,10,11,12,13,14,15,16,17,18,19,20,21,22,23,24",
                        "startColumns": "4,4,4,4,4,4,4,4,4,4,4,4,4,4,4,4,4,4,4,4,4,4,4",
                        "startOffsets": "55,229,363,499,623,704,789,863,951,1039,1156,1265,1355,1445,1546,1666,1747,1831,2020,2116,2218,2336,2445",
                        "endColumns": "173,133,135,123,80,84,73,87,87,116,108,89,89,100,119,80,83,188,95,101,117,108,153",
                        "endOffsets": "224,358,494,618,699,784,858,946,1034,1151,1260,1350,1440,1541,1661,1742,1826,2015,2111,2213,2331,2440,2594"
                    },
                    "to": {
                        "startLines": "19,20,21,22,23,24,25,26,27,28,29,30,31,32,33,34,35,36,37,38,39,40,41",
                        "startColumns": "4,4,4,4,4,4,4,4,4,4,4,4,4,4,4,4,4,4,4,4,4,4,4",
                        "startOffsets": "1864,2038,2172,2308,2432,2513,2598,2672,2760,2848,2965,3074,3164,3254,3355,3475,3556,3640,3829,3925,4027,4145,4254",
                        "endColumns": "173,133,135,123,80,84,73,87,87,116,108,89,89,100,119,80,83,188,95,101,117,108,153",
                        "endOffsets": "2033,2167,2303,2427,2508,2593,2667,2755,2843,2960,3069,3159,3249,3350,3470,3551,3635,3824,3920,4022,4140,4249,4403"
                    }
                },
                {
                    "source": "C:\\Users\\Administrator\\.gradle\\caches\\transforms-2\\files-2.1\\0cc8fc51745617bc8893e734f3da3890\\res\\values-in\\values-in.xml",
                    "from": {
                        "startLines": "2",
                        "startColumns": "4",
                        "startOffsets": "55",
                        "endColumns": "100",
                        "endOffsets": "151"
                    },
                    "to": {
                        "startLines": "43",
                        "startColumns": "4",
                        "startOffsets": "4492",
                        "endColumns": "100",
                        "endOffsets": "4588"
                    }
                }
            ]
        }
    ]
}