{
    "logs": [
        {
            "outputFile": "D:\\workplace_20200310\\EODemo\\build\\intermediates\\incremental\\mergeDebugResources\\merged.dir\\values-nb\\values-nb.xml",
            "map": [
                {
                    "source": "C:\\Users\\Administrator\\.gradle\\caches\\transforms-2\\files-2.1\\0cc8fc51745617bc8893e734f3da3890\\res\\values-nb\\values-nb.xml",
                    "from": {
                        "startLines": "2",
                        "startColumns": "4",
                        "startOffsets": "55",
                        "endColumns": "100",
                        "endOffsets": "151"
                    },
                    "to": {
                        "startLines": "42",
                        "startColumns": "4",
                        "startOffsets": "4293",
                        "endColumns": "100",
                        "endOffsets": "4389"
                    }
                },
                {
                    "source": "C:\\Users\\Administrator\\.gradle\\caches\\transforms-2\\files-2.1\\7a1c7f15582070a164abe18a772c4fa2\\res\\values-nb\\values-nb.xml",
                    "from": {
                        "startLines": "2,3,4,5,6,7,8,9,10,11,12,13,14,15,16,17,18,19,20,21,22,23",
                        "startColumns": "4,4,4,4,4,4,4,4,4,4,4,4,4,4,4,4,4,4,4,4,4,4",
                        "startOffsets": "55,213,358,497,608,689,775,856,945,1036,1149,1258,1349,1440,1541,1657,1737,1910,2007,2107,2220,2328",
                        "endColumns": "157,144,138,110,80,85,80,88,90,112,108,90,90,100,115,79,172,96,99,112,107,136",
                        "endOffsets": "208,353,492,603,684,770,851,940,1031,1144,1253,1344,1435,1536,1652,1732,1905,2002,2102,2215,2323,2460"
                    },
                    "to": {
                        "startLines": "19,20,21,22,23,24,25,26,27,28,29,30,31,32,33,34,35,36,37,38,39,40",
                        "startColumns": "4,4,4,4,4,4,4,4,4,4,4,4,4,4,4,4,4,4,4,4,4,4",
                        "startOffsets": "1804,1962,2107,2246,2357,2438,2524,2605,2694,2785,2898,3007,3098,3189,3290,3406,3486,3659,3756,3856,3969,4077",
                        "endColumns": "157,144,138,110,80,85,80,88,90,112,108,90,90,100,115,79,172,96,99,112,107,136",
                        "endOffsets": "1957,2102,2241,2352,2433,2519,2600,2689,2780,2893,3002,3093,3184,3285,3401,3481,3654,3751,3851,3964,4072,4209"
                    }
                },
                {
                    "source": "C:\\Users\\Administrator\\.gradle\\caches\\transforms-2\\files-2.1\\0519992c238d843ded62a6126a94e447\\res\\values-nb\\values-nb.xml",
                    "from": {
                        "startLines": "2,3,4,5,6,7,8,9,10,11,12,13,14,15,16,17,18,19",
                        "startColumns": "4,4,4,4,4,4,4,4,4,4,4,4,4,4,4,4,4,4",
                        "startOffsets": "105,213,308,422,508,608,721,797,873,953,1056,1155,1251,1355,1453,1554,1707,1804",
                        "endColumns": "107,94,113,85,99,112,75,75,79,102,98,95,103,97,100,152,96,78",
                        "endOffsets": "208,303,417,503,603,716,792,868,948,1051,1150,1246,1350,1448,1549,1702,1799,1878"
                    },
                    "to": {
                        "startLines": "2,3,4,5,6,7,8,9,10,11,12,13,14,15,16,17,18,41",
                        "startColumns": "4,4,4,4,4,4,4,4,4,4,4,4,4,4,4,4,4,4",
                        "startOffsets": "105,213,308,422,508,608,721,797,873,953,1056,1155,1251,1355,1453,1554,1707,4214",
                        "endColumns": "107,94,113,85,99,112,75,75,79,102,98,95,103,97,100,152,96,78",
                        "endOffsets": "208,303,417,503,603,716,792,868,948,1051,1150,1246,1350,1448,1549,1702,1799,4288"
                    }
                }
            ]
        }
    ]
}