{
    "logs": [
        {
            "outputFile": "D:\\workplace_20200310\\EODemo\\build\\intermediates\\incremental\\mergeDebugResources\\merged.dir\\values-mr\\values-mr.xml",
            "map": [
                {
                    "source": "C:\\Users\\Administrator\\.gradle\\caches\\transforms-2\\files-2.1\\0cc8fc51745617bc8893e734f3da3890\\res\\values-mr\\values-mr.xml",
                    "from": {
                        "startLines": "2",
                        "startColumns": "4",
                        "startOffsets": "55",
                        "endColumns": "100",
                        "endOffsets": "151"
                    },
                    "to": {
                        "startLines": "43",
                        "startColumns": "4",
                        "startOffsets": "4478",
                        "endColumns": "100",
                        "endOffsets": "4574"
                    }
                },
                {
                    "source": "C:\\Users\\Administrator\\.gradle\\caches\\transforms-2\\files-2.1\\0519992c238d843ded62a6126a94e447\\res\\values-mr\\values-mr.xml",
                    "from": {
                        "startLines": "2,3,4,5,6,7,8,9,10,11,12,13,14,15,16,17,18,19",
                        "startColumns": "4,4,4,4,4,4,4,4,4,4,4,4,4,4,4,4,4,4",
                        "startOffsets": "105,216,322,429,519,620,735,812,890,970,1082,1184,1280,1389,1490,1605,1762,1867",
                        "endColumns": "110,105,106,89,100,114,76,77,79,111,101,95,108,100,114,156,104,79",
                        "endOffsets": "211,317,424,514,615,730,807,885,965,1077,1179,1275,1384,1485,1600,1757,1862,1942"
                    },
                    "to": {
                        "startLines": "2,3,4,5,6,7,8,9,10,11,12,13,14,15,16,17,18,42",
                        "startColumns": "4,4,4,4,4,4,4,4,4,4,4,4,4,4,4,4,4,4",
                        "startOffsets": "105,216,322,429,519,620,735,812,890,970,1082,1184,1280,1389,1490,1605,1762,4398",
                        "endColumns": "110,105,106,89,100,114,76,77,79,111,101,95,108,100,114,156,104,79",
                        "endOffsets": "211,317,424,514,615,730,807,885,965,1077,1179,1275,1384,1485,1600,1757,1862,4473"
                    }
                },
                {
                    "source": "C:\\Users\\Administrator\\.gradle\\caches\\transforms-2\\files-2.1\\7a1c7f15582070a164abe18a772c4fa2\\res\\values-mr\\values-mr.xml",
                    "from": {
                        "startLines": "2,3,4,5,6,7,8,9,10,11,12,13,14,15,16,17,18,19,20,21,22,23,24",
                        "startColumns": "4,4,4,4,4,4,4,4,4,4,4,4,4,4,4,4,4,4,4,4,4,4,4",
                        "startOffsets": "55,207,343,484,597,683,769,848,939,1032,1145,1255,1350,1445,1550,1671,1752,1837,2010,2107,2207,2324,2431",
                        "endColumns": "151,135,140,112,85,85,78,90,92,112,109,94,94,104,120,80,84,172,96,99,116,106,154",
                        "endOffsets": "202,338,479,592,678,764,843,934,1027,1140,1250,1345,1440,1545,1666,1747,1832,2005,2102,2202,2319,2426,2581"
                    },
                    "to": {
                        "startLines": "19,20,21,22,23,24,25,26,27,28,29,30,31,32,33,34,35,36,37,38,39,40,41",
                        "startColumns": "4,4,4,4,4,4,4,4,4,4,4,4,4,4,4,4,4,4,4,4,4,4,4",
                        "startOffsets": "1867,2019,2155,2296,2409,2495,2581,2660,2751,2844,2957,3067,3162,3257,3362,3483,3564,3649,3822,3919,4019,4136,4243",
                        "endColumns": "151,135,140,112,85,85,78,90,92,112,109,94,94,104,120,80,84,172,96,99,116,106,154",
                        "endOffsets": "2014,2150,2291,2404,2490,2576,2655,2746,2839,2952,3062,3157,3252,3357,3478,3559,3644,3817,3914,4014,4131,4238,4393"
                    }
                }
            ]
        }
    ]
}