{
    "logs": [
        {
            "outputFile": "D:\\workplace_20200310\\EODemo\\build\\intermediates\\incremental\\mergeDebugResources\\merged.dir\\values-ur\\values-ur.xml",
            "map": [
                {
                    "source": "C:\\Users\\Administrator\\.gradle\\caches\\transforms-2\\files-2.1\\0cc8fc51745617bc8893e734f3da3890\\res\\values-ur\\values-ur.xml",
                    "from": {
                        "startLines": "2",
                        "startColumns": "4",
                        "startOffsets": "55",
                        "endColumns": "102",
                        "endOffsets": "153"
                    },
                    "to": {
                        "startLines": "20",
                        "startColumns": "4",
                        "startOffsets": "1958",
                        "endColumns": "102",
                        "endOffsets": "2056"
                    }
                },
                {
                    "source": "C:\\Users\\Administrator\\.gradle\\caches\\transforms-2\\files-2.1\\0519992c238d843ded62a6126a94e447\\res\\values-ur\\values-ur.xml",
                    "from": {
                        "startLines": "2,3,4,5,6,7,8,9,10,11,12,13,14,15,16,17,18,19",
                        "startColumns": "4,4,4,4,4,4,4,4,4,4,4,4,4,4,4,4,4,4",
                        "startOffsets": "105,215,321,430,516,620,740,816,892,977,1085,1194,1296,1407,1507,1615,1780,1878",
                        "endColumns": "109,105,108,85,103,119,75,75,84,107,108,101,110,99,107,164,97,79",
                        "endOffsets": "210,316,425,511,615,735,811,887,972,1080,1189,1291,1402,1502,1610,1775,1873,1953"
                    }
                }
            ]
        }
    ]
}