{
    "logs": [
        {
            "outputFile": "D:\\workplace_20200310\\EODemo\\build\\intermediates\\incremental\\mergeDebugResources\\merged.dir\\values-pt-rPT\\values-pt-rPT.xml",
            "map": [
                {
                    "source": "C:\\Users\\Administrator\\.gradle\\caches\\transforms-2\\files-2.1\\7a1c7f15582070a164abe18a772c4fa2\\res\\values-pt-rPT\\values-pt-rPT.xml",
                    "from": {
                        "startLines": "2,3,4,5,6,7,8,9,10,11,12,13,14,15,16,17,18,19,20,21,22,23,24",
                        "startColumns": "4,4,4,4,4,4,4,4,4,4,4,4,4,4,4,4,4,4,4,4,4,4,4",
                        "startOffsets": "55,216,357,504,615,700,786,866,957,1054,1170,1287,1388,1489,1600,1728,1810,1896,2082,2176,2277,2392,2508",
                        "endColumns": "160,140,146,110,84,85,79,90,96,115,116,100,100,110,127,81,85,185,93,100,114,115,147",
                        "endOffsets": "211,352,499,610,695,781,861,952,1049,1165,1282,1383,1484,1595,1723,1805,1891,2077,2171,2272,2387,2503,2651"
                    },
                    "to": {
                        "startLines": "19,20,21,22,23,24,25,26,27,28,29,30,31,32,33,34,35,36,37,38,39,40,41",
                        "startColumns": "4,4,4,4,4,4,4,4,4,4,4,4,4,4,4,4,4,4,4,4,4,4,4",
                        "startOffsets": "1917,2078,2219,2366,2477,2562,2648,2728,2819,2916,3032,3149,3250,3351,3462,3590,3672,3758,3944,4038,4139,4254,4370",
                        "endColumns": "160,140,146,110,84,85,79,90,96,115,116,100,100,110,127,81,85,185,93,100,114,115,147",
                        "endOffsets": "2073,2214,2361,2472,2557,2643,2723,2814,2911,3027,3144,3245,3346,3457,3585,3667,3753,3939,4033,4134,4249,4365,4513"
                    }
                },
                {
                    "source": "C:\\Users\\Administrator\\.gradle\\caches\\transforms-2\\files-2.1\\0cc8fc51745617bc8893e734f3da3890\\res\\values-pt-rPT\\values-pt-rPT.xml",
                    "from": {
                        "startLines": "2",
                        "startColumns": "4",
                        "startOffsets": "55",
                        "endColumns": "100",
                        "endOffsets": "151"
                    },
                    "to": {
                        "startLines": "43",
                        "startColumns": "4",
                        "startOffsets": "4603",
                        "endColumns": "100",
                        "endOffsets": "4699"
                    }
                },
                {
                    "source": "C:\\Users\\Administrator\\.gradle\\caches\\transforms-2\\files-2.1\\0519992c238d843ded62a6126a94e447\\res\\values-pt-rPT\\values-pt-rPT.xml",
                    "from": {
                        "startLines": "2,3,4,5,6,7,8,9,10,11,12,13,14,15,16,17,18,19",
                        "startColumns": "4,4,4,4,4,4,4,4,4,4,4,4,4,4,4,4,4,4",
                        "startOffsets": "105,225,331,438,527,628,752,836,917,1004,1111,1223,1325,1433,1540,1647,1818,1917",
                        "endColumns": "119,105,106,88,100,123,83,80,86,106,111,101,107,106,106,170,98,84",
                        "endOffsets": "220,326,433,522,623,747,831,912,999,1106,1218,1320,1428,1535,1642,1813,1912,1997"
                    },
                    "to": {
                        "startLines": "2,3,4,5,6,7,8,9,10,11,12,13,14,15,16,17,18,42",
                        "startColumns": "4,4,4,4,4,4,4,4,4,4,4,4,4,4,4,4,4,4",
                        "startOffsets": "105,225,331,438,527,628,752,836,917,1004,1111,1223,1325,1433,1540,1647,1818,4518",
                        "endColumns": "119,105,106,88,100,123,83,80,86,106,111,101,107,106,106,170,98,84",
                        "endOffsets": "220,326,433,522,623,747,831,912,999,1106,1218,1320,1428,1535,1642,1813,1912,4598"
                    }
                }
            ]
        }
    ]
}