{
    "logs": [
        {
            "outputFile": "D:\\workplace_20200310\\EODemo\\build\\intermediates\\incremental\\mergeDebugResources\\merged.dir\\values-fr\\values-fr.xml",
            "map": [
                {
                    "source": "C:\\Users\\Administrator\\.gradle\\caches\\transforms-2\\files-2.1\\0cc8fc51745617bc8893e734f3da3890\\res\\values-fr\\values-fr.xml",
                    "from": {
                        "startLines": "2",
                        "startColumns": "4",
                        "startOffsets": "55",
                        "endColumns": "100",
                        "endOffsets": "151"
                    },
                    "to": {
                        "startLines": "43",
                        "startColumns": "4",
                        "startOffsets": "4644",
                        "endColumns": "100",
                        "endOffsets": "4740"
                    }
                },
                {
                    "source": "C:\\Users\\Administrator\\.gradle\\caches\\transforms-2\\files-2.1\\7a1c7f15582070a164abe18a772c4fa2\\res\\values-fr\\values-fr.xml",
                    "from": {
                        "startLines": "2,3,4,5,6,7,8,9,10,11,12,13,14,15,16,17,18,19,20,21,22,23,24",
                        "startColumns": "4,4,4,4,4,4,4,4,4,4,4,4,4,4,4,4,4,4,4,4,4,4,4",
                        "startOffsets": "55,218,378,529,642,730,817,897,987,1084,1199,1313,1408,1503,1615,1734,1817,1901,2092,2186,2296,2418,2530",
                        "endColumns": "162,159,150,112,87,86,79,89,96,114,113,94,94,111,118,82,83,190,93,109,121,111,165",
                        "endOffsets": "213,373,524,637,725,812,892,982,1079,1194,1308,1403,1498,1610,1729,1812,1896,2087,2181,2291,2413,2525,2691"
                    },
                    "to": {
                        "startLines": "19,20,21,22,23,24,25,26,27,28,29,30,31,32,33,34,35,36,37,38,39,40,41",
                        "startColumns": "4,4,4,4,4,4,4,4,4,4,4,4,4,4,4,4,4,4,4,4,4,4,4",
                        "startOffsets": "1917,2080,2240,2391,2504,2592,2679,2759,2849,2946,3061,3175,3270,3365,3477,3596,3679,3763,3954,4048,4158,4280,4392",
                        "endColumns": "162,159,150,112,87,86,79,89,96,114,113,94,94,111,118,82,83,190,93,109,121,111,165",
                        "endOffsets": "2075,2235,2386,2499,2587,2674,2754,2844,2941,3056,3170,3265,3360,3472,3591,3674,3758,3949,4043,4153,4275,4387,4553"
                    }
                },
                {
                    "source": "C:\\Users\\Administrator\\.gradle\\caches\\transforms-2\\files-2.1\\0519992c238d843ded62a6126a94e447\\res\\values-fr\\values-fr.xml",
                    "from": {
                        "startLines": "2,3,4,5,6,7,8,9,10,11,12,13,14,15,16,17,18,19",
                        "startColumns": "4,4,4,4,4,4,4,4,4,4,4,4,4,4,4,4,4,4",
                        "startOffsets": "105,216,331,442,524,630,760,843,923,1009,1119,1231,1334,1445,1552,1659,1818,1917",
                        "endColumns": "110,114,110,81,105,129,82,79,85,109,111,102,110,106,106,158,98,85",
                        "endOffsets": "211,326,437,519,625,755,838,918,1004,1114,1226,1329,1440,1547,1654,1813,1912,1998"
                    },
                    "to": {
                        "startLines": "2,3,4,5,6,7,8,9,10,11,12,13,14,15,16,17,18,42",
                        "startColumns": "4,4,4,4,4,4,4,4,4,4,4,4,4,4,4,4,4,4",
                        "startOffsets": "105,216,331,442,524,630,760,843,923,1009,1119,1231,1334,1445,1552,1659,1818,4558",
                        "endColumns": "110,114,110,81,105,129,82,79,85,109,111,102,110,106,106,158,98,85",
                        "endOffsets": "211,326,437,519,625,755,838,918,1004,1114,1226,1329,1440,1547,1654,1813,1912,4639"
                    }
                }
            ]
        }
    ]
}