{
    "logs": [
        {
            "outputFile": "D:\\workplace_20200310\\EODemo\\build\\intermediates\\incremental\\mergeDebugResources\\merged.dir\\values-hi\\values-hi.xml",
            "map": [
                {
                    "source": "C:\\Users\\Administrator\\.gradle\\caches\\transforms-2\\files-2.1\\0519992c238d843ded62a6126a94e447\\res\\values-hi\\values-hi.xml",
                    "from": {
                        "startLines": "2,3,4,5,6,7,8,9,10,11,12,13,14,15,16,17,18,19",
                        "startColumns": "4,4,4,4,4,4,4,4,4,4,4,4,4,4,4,4,4,4",
                        "startOffsets": "105,211,308,418,504,606,728,805,883,973,1082,1185,1287,1397,1498,1613,1775,1876",
                        "endColumns": "105,96,109,85,101,121,76,77,89,108,102,101,109,100,114,161,100,79",
                        "endOffsets": "206,303,413,499,601,723,800,878,968,1077,1180,1282,1392,1493,1608,1770,1871,1951"
                    },
                    "to": {
                        "startLines": "2,3,4,5,6,7,8,9,10,11,12,13,14,15,16,17,18,42",
                        "startColumns": "4,4,4,4,4,4,4,4,4,4,4,4,4,4,4,4,4,4",
                        "startOffsets": "105,211,308,418,504,606,728,805,883,973,1082,1185,1287,1397,1498,1613,1775,4458",
                        "endColumns": "105,96,109,85,101,121,76,77,89,108,102,101,109,100,114,161,100,79",
                        "endOffsets": "206,303,413,499,601,723,800,878,968,1077,1180,1282,1392,1493,1608,1770,1871,4533"
                    }
                },
                {
                    "source": "C:\\Users\\Administrator\\.gradle\\caches\\transforms-2\\files-2.1\\0cc8fc51745617bc8893e734f3da3890\\res\\values-hi\\values-hi.xml",
                    "from": {
                        "startLines": "2",
                        "startColumns": "4",
                        "startOffsets": "55",
                        "endColumns": "100",
                        "endOffsets": "151"
                    },
                    "to": {
                        "startLines": "43",
                        "startColumns": "4",
                        "startOffsets": "4538",
                        "endColumns": "100",
                        "endOffsets": "4634"
                    }
                },
                {
                    "source": "C:\\Users\\Administrator\\.gradle\\caches\\transforms-2\\files-2.1\\7a1c7f15582070a164abe18a772c4fa2\\res\\values-hi\\values-hi.xml",
                    "from": {
                        "startLines": "2,3,4,5,6,7,8,9,10,11,12,13,14,15,16,17,18,19,20,21,22,23,24",
                        "startColumns": "4,4,4,4,4,4,4,4,4,4,4,4,4,4,4,4,4,4,4,4,4,4,4",
                        "startOffsets": "55,215,347,486,597,683,773,856,948,1037,1154,1265,1361,1457,1566,1697,1778,1864,2047,2141,2244,2365,2475",
                        "endColumns": "159,131,138,110,85,89,82,91,88,116,110,95,95,108,130,80,85,182,93,102,120,109,161",
                        "endOffsets": "210,342,481,592,678,768,851,943,1032,1149,1260,1356,1452,1561,1692,1773,1859,2042,2136,2239,2360,2470,2632"
                    },
                    "to": {
                        "startLines": "19,20,21,22,23,24,25,26,27,28,29,30,31,32,33,34,35,36,37,38,39,40,41",
                        "startColumns": "4,4,4,4,4,4,4,4,4,4,4,4,4,4,4,4,4,4,4,4,4,4,4",
                        "startOffsets": "1876,2036,2168,2307,2418,2504,2594,2677,2769,2858,2975,3086,3182,3278,3387,3518,3599,3685,3868,3962,4065,4186,4296",
                        "endColumns": "159,131,138,110,85,89,82,91,88,116,110,95,95,108,130,80,85,182,93,102,120,109,161",
                        "endOffsets": "2031,2163,2302,2413,2499,2589,2672,2764,2853,2970,3081,3177,3273,3382,3513,3594,3680,3863,3957,4060,4181,4291,4453"
                    }
                }
            ]
        }
    ]
}