{
    "logs": [
        {
            "outputFile": "D:\\workplace_20200310\\EODemo\\build\\intermediates\\incremental\\mergeDebugResources\\merged.dir\\values-gu\\values-gu.xml",
            "map": [
                {
                    "source": "C:\\Users\\Administrator\\.gradle\\caches\\transforms-2\\files-2.1\\7a1c7f15582070a164abe18a772c4fa2\\res\\values-gu\\values-gu.xml",
                    "from": {
                        "startLines": "2,3,4,5,6,7,8,9,10,11,12,13,14,15,16,17,18,19,20,21,22,23,24",
                        "startColumns": "4,4,4,4,4,4,4,4,4,4,4,4,4,4,4,4,4,4,4,4,4,4,4",
                        "startOffsets": "55,219,350,485,595,678,767,851,940,1033,1148,1257,1352,1447,1550,1688,1769,1853,2043,2139,2238,2354,2462",
                        "endColumns": "163,130,134,109,82,88,83,88,92,114,108,94,94,102,137,80,83,189,95,98,115,107,151",
                        "endOffsets": "214,345,480,590,673,762,846,935,1028,1143,1252,1347,1442,1545,1683,1764,1848,2038,2134,2233,2349,2457,2609"
                    },
                    "to": {
                        "startLines": "19,20,21,22,23,24,25,26,27,28,29,30,31,32,33,34,35,36,37,38,39,40,41",
                        "startColumns": "4,4,4,4,4,4,4,4,4,4,4,4,4,4,4,4,4,4,4,4,4,4,4",
                        "startOffsets": "1857,2021,2152,2287,2397,2480,2569,2653,2742,2835,2950,3059,3154,3249,3352,3490,3571,3655,3845,3941,4040,4156,4264",
                        "endColumns": "163,130,134,109,82,88,83,88,92,114,108,94,94,102,137,80,83,189,95,98,115,107,151",
                        "endOffsets": "2016,2147,2282,2392,2475,2564,2648,2737,2830,2945,3054,3149,3244,3347,3485,3566,3650,3840,3936,4035,4151,4259,4411"
                    }
                },
                {
                    "source": "C:\\Users\\Administrator\\.gradle\\caches\\transforms-2\\files-2.1\\0519992c238d843ded62a6126a94e447\\res\\values-gu\\values-gu.xml",
                    "from": {
                        "startLines": "2,3,4,5,6,7,8,9,10,11,12,13,14,15,16,17,18,19",
                        "startColumns": "4,4,4,4,4,4,4,4,4,4,4,4,4,4,4,4,4,4",
                        "startOffsets": "105,214,318,425,512,613,736,813,891,971,1077,1179,1276,1385,1484,1594,1754,1857",
                        "endColumns": "108,103,106,86,100,122,76,77,79,105,101,96,108,98,109,159,102,79",
                        "endOffsets": "209,313,420,507,608,731,808,886,966,1072,1174,1271,1380,1479,1589,1749,1852,1932"
                    },
                    "to": {
                        "startLines": "2,3,4,5,6,7,8,9,10,11,12,13,14,15,16,17,18,42",
                        "startColumns": "4,4,4,4,4,4,4,4,4,4,4,4,4,4,4,4,4,4",
                        "startOffsets": "105,214,318,425,512,613,736,813,891,971,1077,1179,1276,1385,1484,1594,1754,4416",
                        "endColumns": "108,103,106,86,100,122,76,77,79,105,101,96,108,98,109,159,102,79",
                        "endOffsets": "209,313,420,507,608,731,808,886,966,1072,1174,1271,1380,1479,1589,1749,1852,4491"
                    }
                },
                {
                    "source": "C:\\Users\\Administrator\\.gradle\\caches\\transforms-2\\files-2.1\\0cc8fc51745617bc8893e734f3da3890\\res\\values-gu\\values-gu.xml",
                    "from": {
                        "startLines": "2",
                        "startColumns": "4",
                        "startOffsets": "55",
                        "endColumns": "100",
                        "endOffsets": "151"
                    },
                    "to": {
                        "startLines": "43",
                        "startColumns": "4",
                        "startOffsets": "4496",
                        "endColumns": "100",
                        "endOffsets": "4592"
                    }
                }
            ]
        }
    ]
}