{
    "logs": [
        {
            "outputFile": "D:\\workplace_20200310\\EODemo\\build\\intermediates\\incremental\\mergeDebugResources\\merged.dir\\values-tr\\values-tr.xml",
            "map": [
                {
                    "source": "C:\\Users\\Administrator\\.gradle\\caches\\transforms-2\\files-2.1\\0cc8fc51745617bc8893e734f3da3890\\res\\values-tr\\values-tr.xml",
                    "from": {
                        "startLines": "2",
                        "startColumns": "4",
                        "startOffsets": "55",
                        "endColumns": "100",
                        "endOffsets": "151"
                    },
                    "to": {
                        "startLines": "43",
                        "startColumns": "4",
                        "startOffsets": "4444",
                        "endColumns": "100",
                        "endOffsets": "4540"
                    }
                },
                {
                    "source": "C:\\Users\\Administrator\\.gradle\\caches\\transforms-2\\files-2.1\\7a1c7f15582070a164abe18a772c4fa2\\res\\values-tr\\values-tr.xml",
                    "from": {
                        "startLines": "2,3,4,5,6,7,8,9,10,11,12,13,14,15,16,17,18,19,20,21,22,23,24",
                        "startColumns": "4,4,4,4,4,4,4,4,4,4,4,4,4,4,4,4,4,4,4,4,4,4,4",
                        "startOffsets": "55,217,354,490,603,688,774,854,942,1034,1147,1257,1350,1443,1550,1670,1752,1835,2012,2108,2217,2333,2436",
                        "endColumns": "161,136,135,112,84,85,79,87,91,112,109,92,92,106,119,81,82,176,95,108,115,102,138",
                        "endOffsets": "212,349,485,598,683,769,849,937,1029,1142,1252,1345,1438,1545,1665,1747,1830,2007,2103,2212,2328,2431,2570"
                    },
                    "to": {
                        "startLines": "19,20,21,22,23,24,25,26,27,28,29,30,31,32,33,34,35,36,37,38,39,40,41",
                        "startColumns": "4,4,4,4,4,4,4,4,4,4,4,4,4,4,4,4,4,4,4,4,4,4,4",
                        "startOffsets": "1845,2007,2144,2280,2393,2478,2564,2644,2732,2824,2937,3047,3140,3233,3340,3460,3542,3625,3802,3898,4007,4123,4226",
                        "endColumns": "161,136,135,112,84,85,79,87,91,112,109,92,92,106,119,81,82,176,95,108,115,102,138",
                        "endOffsets": "2002,2139,2275,2388,2473,2559,2639,2727,2819,2932,3042,3135,3228,3335,3455,3537,3620,3797,3893,4002,4118,4221,4360"
                    }
                },
                {
                    "source": "C:\\Users\\Administrator\\.gradle\\caches\\transforms-2\\files-2.1\\0519992c238d843ded62a6126a94e447\\res\\values-tr\\values-tr.xml",
                    "from": {
                        "startLines": "2,3,4,5,6,7,8,9,10,11,12,13,14,15,16,17,18,19",
                        "startColumns": "4,4,4,4,4,4,4,4,4,4,4,4,4,4,4,4,4,4",
                        "startOffsets": "105,210,309,421,506,612,732,811,887,966,1073,1178,1274,1381,1483,1591,1747,1845",
                        "endColumns": "104,98,111,84,105,119,78,75,78,106,104,95,106,101,107,155,97,78",
                        "endOffsets": "205,304,416,501,607,727,806,882,961,1068,1173,1269,1376,1478,1586,1742,1840,1919"
                    },
                    "to": {
                        "startLines": "2,3,4,5,6,7,8,9,10,11,12,13,14,15,16,17,18,42",
                        "startColumns": "4,4,4,4,4,4,4,4,4,4,4,4,4,4,4,4,4,4",
                        "startOffsets": "105,210,309,421,506,612,732,811,887,966,1073,1178,1274,1381,1483,1591,1747,4365",
                        "endColumns": "104,98,111,84,105,119,78,75,78,106,104,95,106,101,107,155,97,78",
                        "endOffsets": "205,304,416,501,607,727,806,882,961,1068,1173,1269,1376,1478,1586,1742,1840,4439"
                    }
                }
            ]
        }
    ]
}