{
    "logs": [
        {
            "outputFile": "D:\\workplace_20200310\\EODemo\\build\\intermediates\\incremental\\mergeDebugResources\\merged.dir\\values-es\\values-es.xml",
            "map": [
                {
                    "source": "C:\\Users\\Administrator\\.gradle\\caches\\transforms-2\\files-2.1\\7a1c7f15582070a164abe18a772c4fa2\\res\\values-es\\values-es.xml",
                    "from": {
                        "startLines": "2,3,4,5,6,7,8,9,10,11,12,13,14,15,16,17,18,19,20,21,22,23,24",
                        "startColumns": "4,4,4,4,4,4,4,4,4,4,4,4,4,4,4,4,4,4,4,4,4,4,4",
                        "startOffsets": "55,219,362,515,630,715,804,882,973,1062,1176,1291,1380,1469,1577,1700,1782,1868,2064,2153,2256,2371,2487",
                        "endColumns": "163,142,152,114,84,88,77,90,88,113,114,88,88,107,122,81,85,195,88,102,114,115,132",
                        "endOffsets": "214,357,510,625,710,799,877,968,1057,1171,1286,1375,1464,1572,1695,1777,1863,2059,2148,2251,2366,2482,2615"
                    },
                    "to": {
                        "startLines": "19,20,21,22,23,24,25,26,27,28,29,30,31,32,33,34,35,36,37,38,39,40,41",
                        "startColumns": "4,4,4,4,4,4,4,4,4,4,4,4,4,4,4,4,4,4,4,4,4,4,4",
                        "startOffsets": "1893,2057,2200,2353,2468,2553,2642,2720,2811,2900,3014,3129,3218,3307,3415,3538,3620,3706,3902,3991,4094,4209,4325",
                        "endColumns": "163,142,152,114,84,88,77,90,88,113,114,88,88,107,122,81,85,195,88,102,114,115,132",
                        "endOffsets": "2052,2195,2348,2463,2548,2637,2715,2806,2895,3009,3124,3213,3302,3410,3533,3615,3701,3897,3986,4089,4204,4320,4453"
                    }
                },
                {
                    "source": "C:\\Users\\Administrator\\.gradle\\caches\\transforms-2\\files-2.1\\0519992c238d843ded62a6126a94e447\\res\\values-es\\values-es.xml",
                    "from": {
                        "startLines": "2,3,4,5,6,7,8,9,10,11,12,13,14,15,16,17,18,19",
                        "startColumns": "4,4,4,4,4,4,4,4,4,4,4,4,4,4,4,4,4,4",
                        "startOffsets": "105,222,335,443,528,629,757,842,924,1006,1113,1213,1312,1420,1527,1634,1793,1893",
                        "endColumns": "116,112,107,84,100,127,84,81,81,106,99,98,107,106,106,158,99,81",
                        "endOffsets": "217,330,438,523,624,752,837,919,1001,1108,1208,1307,1415,1522,1629,1788,1888,1970"
                    },
                    "to": {
                        "startLines": "2,3,4,5,6,7,8,9,10,11,12,13,14,15,16,17,18,42",
                        "startColumns": "4,4,4,4,4,4,4,4,4,4,4,4,4,4,4,4,4,4",
                        "startOffsets": "105,222,335,443,528,629,757,842,924,1006,1113,1213,1312,1420,1527,1634,1793,4458",
                        "endColumns": "116,112,107,84,100,127,84,81,81,106,99,98,107,106,106,158,99,81",
                        "endOffsets": "217,330,438,523,624,752,837,919,1001,1108,1208,1307,1415,1522,1629,1788,1888,4535"
                    }
                },
                {
                    "source": "C:\\Users\\Administrator\\.gradle\\caches\\transforms-2\\files-2.1\\0cc8fc51745617bc8893e734f3da3890\\res\\values-es\\values-es.xml",
                    "from": {
                        "startLines": "2",
                        "startColumns": "4",
                        "startOffsets": "55",
                        "endColumns": "100",
                        "endOffsets": "151"
                    },
                    "to": {
                        "startLines": "43",
                        "startColumns": "4",
                        "startOffsets": "4540",
                        "endColumns": "100",
                        "endOffsets": "4636"
                    }
                }
            ]
        }
    ]
}