{
    "logs": [
        {
            "outputFile": "D:\\workplace_20200310\\EODemo\\build\\intermediates\\incremental\\mergeDebugResources\\merged.dir\\values-th\\values-th.xml",
            "map": [
                {
                    "source": "C:\\Users\\Administrator\\.gradle\\caches\\transforms-2\\files-2.1\\0519992c238d843ded62a6126a94e447\\res\\values-th\\values-th.xml",
                    "from": {
                        "startLines": "2,3,4,5,6,7,8,9,10,11,12,13,14,15,16,17,18,19",
                        "startColumns": "4,4,4,4,4,4,4,4,4,4,4,4,4,4,4,4,4,4",
                        "startOffsets": "105,210,308,416,505,607,717,794,872,953,1061,1165,1263,1371,1476,1577,1730,1825",
                        "endColumns": "104,97,107,88,101,109,76,77,80,107,103,97,107,104,100,152,94,80",
                        "endOffsets": "205,303,411,500,602,712,789,867,948,1056,1160,1258,1366,1471,1572,1725,1820,1901"
                    },
                    "to": {
                        "startLines": "2,3,4,5,6,7,8,9,10,11,12,13,14,15,16,17,18,42",
                        "startColumns": "4,4,4,4,4,4,4,4,4,4,4,4,4,4,4,4,4,4",
                        "startOffsets": "105,210,308,416,505,607,717,794,872,953,1061,1165,1263,1371,1476,1577,1730,4362",
                        "endColumns": "104,97,107,88,101,109,76,77,80,107,103,97,107,104,100,152,94,80",
                        "endOffsets": "205,303,411,500,602,712,789,867,948,1056,1160,1258,1366,1471,1572,1725,1820,4438"
                    }
                },
                {
                    "source": "C:\\Users\\Administrator\\.gradle\\caches\\transforms-2\\files-2.1\\0cc8fc51745617bc8893e734f3da3890\\res\\values-th\\values-th.xml",
                    "from": {
                        "startLines": "2",
                        "startColumns": "4",
                        "startOffsets": "55",
                        "endColumns": "100",
                        "endOffsets": "151"
                    },
                    "to": {
                        "startLines": "43",
                        "startColumns": "4",
                        "startOffsets": "4443",
                        "endColumns": "100",
                        "endOffsets": "4539"
                    }
                },
                {
                    "source": "C:\\Users\\Administrator\\.gradle\\caches\\transforms-2\\files-2.1\\7a1c7f15582070a164abe18a772c4fa2\\res\\values-th\\values-th.xml",
                    "from": {
                        "startLines": "2,3,4,5,6,7,8,9,10,11,12,13,14,15,16,17,18,19,20,21,22,23,24",
                        "startColumns": "4,4,4,4,4,4,4,4,4,4,4,4,4,4,4,4,4,4,4,4,4,4,4",
                        "startOffsets": "55,206,335,488,605,691,777,856,945,1039,1156,1268,1362,1456,1564,1688,1767,1848,2037,2133,2239,2358,2468",
                        "endColumns": "150,128,152,116,85,85,78,88,93,116,111,93,93,107,123,78,80,188,95,105,118,109,123",
                        "endOffsets": "201,330,483,600,686,772,851,940,1034,1151,1263,1357,1451,1559,1683,1762,1843,2032,2128,2234,2353,2463,2587"
                    },
                    "to": {
                        "startLines": "19,20,21,22,23,24,25,26,27,28,29,30,31,32,33,34,35,36,37,38,39,40,41",
                        "startColumns": "4,4,4,4,4,4,4,4,4,4,4,4,4,4,4,4,4,4,4,4,4,4,4",
                        "startOffsets": "1825,1976,2105,2258,2375,2461,2547,2626,2715,2809,2926,3038,3132,3226,3334,3458,3537,3618,3807,3903,4009,4128,4238",
                        "endColumns": "150,128,152,116,85,85,78,88,93,116,111,93,93,107,123,78,80,188,95,105,118,109,123",
                        "endOffsets": "1971,2100,2253,2370,2456,2542,2621,2710,2804,2921,3033,3127,3221,3329,3453,3532,3613,3802,3898,4004,4123,4233,4357"
                    }
                }
            ]
        }
    ]
}