{
    "logs": [
        {
            "outputFile": "D:\\workplace_20200310\\EODemo\\build\\intermediates\\incremental\\mergeDebugResources\\merged.dir\\values-sk\\values-sk.xml",
            "map": [
                {
                    "source": "C:\\Users\\Administrator\\.gradle\\caches\\transforms-2\\files-2.1\\7a1c7f15582070a164abe18a772c4fa2\\res\\values-sk\\values-sk.xml",
                    "from": {
                        "startLines": "2,3,4,5,6,7,8,9,10,11,12,13,14,15,16,17,18,19,20,21,22,23,24",
                        "startColumns": "4,4,4,4,4,4,4,4,4,4,4,4,4,4,4,4,4,4,4,4,4,4,4",
                        "startOffsets": "55,221,361,512,624,716,810,889,978,1073,1188,1301,1396,1491,1596,1716,1798,1882,2076,2173,2278,2393,2503",
                        "endColumns": "165,139,150,111,91,93,78,88,94,114,112,94,94,104,119,81,83,193,96,104,114,109,153",
                        "endOffsets": "216,356,507,619,711,805,884,973,1068,1183,1296,1391,1486,1591,1711,1793,1877,2071,2168,2273,2388,2498,2652"
                    },
                    "to": {
                        "startLines": "19,20,21,22,23,24,25,26,27,28,29,30,31,32,33,34,35,36,37,38,39,40,41",
                        "startColumns": "4,4,4,4,4,4,4,4,4,4,4,4,4,4,4,4,4,4,4,4,4,4,4",
                        "startOffsets": "1884,2050,2190,2341,2453,2545,2639,2718,2807,2902,3017,3130,3225,3320,3425,3545,3627,3711,3905,4002,4107,4222,4332",
                        "endColumns": "165,139,150,111,91,93,78,88,94,114,112,94,94,104,119,81,83,193,96,104,114,109,153",
                        "endOffsets": "2045,2185,2336,2448,2540,2634,2713,2802,2897,3012,3125,3220,3315,3420,3540,3622,3706,3900,3997,4102,4217,4327,4481"
                    }
                },
                {
                    "source": "C:\\Users\\Administrator\\.gradle\\caches\\transforms-2\\files-2.1\\0519992c238d843ded62a6126a94e447\\res\\values-sk\\values-sk.xml",
                    "from": {
                        "startLines": "2,3,4,5,6,7,8,9,10,11,12,13,14,15,16,17,18,19",
                        "startColumns": "4,4,4,4,4,4,4,4,4,4,4,4,4,4,4,4,4,4",
                        "startOffsets": "105,212,312,423,509,617,735,816,897,981,1086,1195,1294,1400,1511,1620,1786,1884",
                        "endColumns": "106,99,110,85,107,117,80,80,83,104,108,98,105,110,108,165,97,87",
                        "endOffsets": "207,307,418,504,612,730,811,892,976,1081,1190,1289,1395,1506,1615,1781,1879,1967"
                    },
                    "to": {
                        "startLines": "2,3,4,5,6,7,8,9,10,11,12,13,14,15,16,17,18,42",
                        "startColumns": "4,4,4,4,4,4,4,4,4,4,4,4,4,4,4,4,4,4",
                        "startOffsets": "105,212,312,423,509,617,735,816,897,981,1086,1195,1294,1400,1511,1620,1786,4486",
                        "endColumns": "106,99,110,85,107,117,80,80,83,104,108,98,105,110,108,165,97,87",
                        "endOffsets": "207,307,418,504,612,730,811,892,976,1081,1190,1289,1395,1506,1615,1781,1879,4569"
                    }
                },
                {
                    "source": "C:\\Users\\Administrator\\.gradle\\caches\\transforms-2\\files-2.1\\0cc8fc51745617bc8893e734f3da3890\\res\\values-sk\\values-sk.xml",
                    "from": {
                        "startLines": "2",
                        "startColumns": "4",
                        "startOffsets": "55",
                        "endColumns": "100",
                        "endOffsets": "151"
                    },
                    "to": {
                        "startLines": "43",
                        "startColumns": "4",
                        "startOffsets": "4574",
                        "endColumns": "100",
                        "endOffsets": "4670"
                    }
                }
            ]
        }
    ]
}