{
    "logs": [
        {
            "outputFile": "D:\\workplace_20200310\\EODemo\\build\\intermediates\\incremental\\mergeDebugResources\\merged.dir\\values-zh-rTW\\values-zh-rTW.xml",
            "map": [
                {
                    "source": "C:\\Users\\Administrator\\.gradle\\caches\\transforms-2\\files-2.1\\7a1c7f15582070a164abe18a772c4fa2\\res\\values-zh-rTW\\values-zh-rTW.xml",
                    "from": {
                        "startLines": "2,3,4,5,6,7,8,9,10,11,12,13,14,15,16,17,18,19,20,21,22,23,24",
                        "startColumns": "4,4,4,4,4,4,4,4,4,4,4,4,4,4,4,4,4,4,4,4,4,4,4",
                        "startOffsets": "55,191,292,403,512,592,674,750,835,920,1027,1131,1217,1303,1394,1503,1581,1660,1783,1876,1971,2077,2171",
                        "endColumns": "135,100,110,108,79,81,75,84,84,106,103,85,85,90,108,77,78,122,92,94,105,93,99",
                        "endOffsets": "186,287,398,507,587,669,745,830,915,1022,1126,1212,1298,1389,1498,1576,1655,1778,1871,1966,2072,2166,2266"
                    },
                    "to": {
                        "startLines": "19,20,21,22,23,24,25,26,27,28,29,30,31,32,33,34,35,36,37,38,39,40,41",
                        "startColumns": "4,4,4,4,4,4,4,4,4,4,4,4,4,4,4,4,4,4,4,4,4,4,4",
                        "startOffsets": "1733,1869,1970,2081,2190,2270,2352,2428,2513,2598,2705,2809,2895,2981,3072,3181,3259,3338,3461,3554,3649,3755,3849",
                        "endColumns": "135,100,110,108,79,81,75,84,84,106,103,85,85,90,108,77,78,122,92,94,105,93,99",
                        "endOffsets": "1864,1965,2076,2185,2265,2347,2423,2508,2593,2700,2804,2890,2976,3067,3176,3254,3333,3456,3549,3644,3750,3844,3944"
                    }
                },
                {
                    "source": "C:\\Users\\Administrator\\.gradle\\caches\\transforms-2\\files-2.1\\0cc8fc51745617bc8893e734f3da3890\\res\\values-zh-rTW\\values-zh-rTW.xml",
                    "from": {
                        "startLines": "2",
                        "startColumns": "4",
                        "startOffsets": "55",
                        "endColumns": "100",
                        "endOffsets": "151"
                    },
                    "to": {
                        "startLines": "43",
                        "startColumns": "4",
                        "startOffsets": "4027",
                        "endColumns": "100",
                        "endOffsets": "4123"
                    }
                },
                {
                    "source": "C:\\Users\\Administrator\\.gradle\\caches\\transforms-2\\files-2.1\\0519992c238d843ded62a6126a94e447\\res\\values-zh-rTW\\values-zh-rTW.xml",
                    "from": {
                        "startLines": "2,3,4,5,6,7,8,9,10,11,12,13,14,15,16,17,18,19",
                        "startColumns": "4,4,4,4,4,4,4,4,4,4,4,4,4,4,4,4,4,4",
                        "startOffsets": "105,200,293,393,475,572,680,756,832,910,1006,1102,1197,1294,1389,1489,1639,1733",
                        "endColumns": "94,92,99,81,96,107,75,75,77,95,95,94,96,94,99,149,93,77",
                        "endOffsets": "195,288,388,470,567,675,751,827,905,1001,1097,1192,1289,1384,1484,1634,1728,1806"
                    },
                    "to": {
                        "startLines": "2,3,4,5,6,7,8,9,10,11,12,13,14,15,16,17,18,42",
                        "startColumns": "4,4,4,4,4,4,4,4,4,4,4,4,4,4,4,4,4,4",
                        "startOffsets": "105,200,293,393,475,572,680,756,832,910,1006,1102,1197,1294,1389,1489,1639,3949",
                        "endColumns": "94,92,99,81,96,107,75,75,77,95,95,94,96,94,99,149,93,77",
                        "endOffsets": "195,288,388,470,567,675,751,827,905,1001,1097,1192,1289,1384,1484,1634,1728,4022"
                    }
                }
            ]
        }
    ]
}