{
    "logs": [
        {
            "outputFile": "D:\\workplace_20200310\\EODemo\\build\\intermediates\\incremental\\mergeDebugResources\\merged.dir\\values-sv\\values-sv.xml",
            "map": [
                {
                    "source": "C:\\Users\\Administrator\\.gradle\\caches\\transforms-2\\files-2.1\\0cc8fc51745617bc8893e734f3da3890\\res\\values-sv\\values-sv.xml",
                    "from": {
                        "startLines": "2",
                        "startColumns": "4",
                        "startOffsets": "55",
                        "endColumns": "100",
                        "endOffsets": "151"
                    },
                    "to": {
                        "startLines": "43",
                        "startColumns": "4",
                        "startOffsets": "4398",
                        "endColumns": "100",
                        "endOffsets": "4494"
                    }
                },
                {
                    "source": "C:\\Users\\Administrator\\.gradle\\caches\\transforms-2\\files-2.1\\0519992c238d843ded62a6126a94e447\\res\\values-sv\\values-sv.xml",
                    "from": {
                        "startLines": "2,3,4,5,6,7,8,9,10,11,12,13,14,15,16,17,18,19",
                        "startColumns": "4,4,4,4,4,4,4,4,4,4,4,4,4,4,4,4,4,4",
                        "startOffsets": "105,211,314,425,510,612,725,801,877,957,1063,1163,1259,1364,1466,1568,1722,1824",
                        "endColumns": "105,102,110,84,101,112,75,75,79,105,99,95,104,101,101,153,101,78",
                        "endOffsets": "206,309,420,505,607,720,796,872,952,1058,1158,1254,1359,1461,1563,1717,1819,1898"
                    },
                    "to": {
                        "startLines": "2,3,4,5,6,7,8,9,10,11,12,13,14,15,16,17,18,42",
                        "startColumns": "4,4,4,4,4,4,4,4,4,4,4,4,4,4,4,4,4,4",
                        "startOffsets": "105,211,314,425,510,612,725,801,877,957,1063,1163,1259,1364,1466,1568,1722,4319",
                        "endColumns": "105,102,110,84,101,112,75,75,79,105,99,95,104,101,101,153,101,78",
                        "endOffsets": "206,309,420,505,607,720,796,872,952,1058,1158,1254,1359,1461,1563,1717,1819,4393"
                    }
                },
                {
                    "source": "C:\\Users\\Administrator\\.gradle\\caches\\transforms-2\\files-2.1\\7a1c7f15582070a164abe18a772c4fa2\\res\\values-sv\\values-sv.xml",
                    "from": {
                        "startLines": "2,3,4,5,6,7,8,9,10,11,12,13,14,15,16,17,18,19,20,21,22,23,24",
                        "startColumns": "4,4,4,4,4,4,4,4,4,4,4,4,4,4,4,4,4,4,4,4,4,4,4",
                        "startOffsets": "55,214,359,494,604,687,773,850,939,1030,1143,1252,1344,1436,1536,1651,1733,1814,1995,2092,2191,2304,2413",
                        "endColumns": "158,144,134,109,82,85,76,88,90,112,108,91,91,99,114,81,80,180,96,98,112,108,136",
                        "endOffsets": "209,354,489,599,682,768,845,934,1025,1138,1247,1339,1431,1531,1646,1728,1809,1990,2087,2186,2299,2408,2545"
                    },
                    "to": {
                        "startLines": "19,20,21,22,23,24,25,26,27,28,29,30,31,32,33,34,35,36,37,38,39,40,41",
                        "startColumns": "4,4,4,4,4,4,4,4,4,4,4,4,4,4,4,4,4,4,4,4,4,4,4",
                        "startOffsets": "1824,1983,2128,2263,2373,2456,2542,2619,2708,2799,2912,3021,3113,3205,3305,3420,3502,3583,3764,3861,3960,4073,4182",
                        "endColumns": "158,144,134,109,82,85,76,88,90,112,108,91,91,99,114,81,80,180,96,98,112,108,136",
                        "endOffsets": "1978,2123,2258,2368,2451,2537,2614,2703,2794,2907,3016,3108,3200,3300,3415,3497,3578,3759,3856,3955,4068,4177,4314"
                    }
                }
            ]
        }
    ]
}