{
    "logs": [
        {
            "outputFile": "D:\\workplace_20200310\\EODemo\\build\\intermediates\\incremental\\mergeDebugResources\\merged.dir\\values-pa\\values-pa.xml",
            "map": [
                {
                    "source": "C:\\Users\\Administrator\\.gradle\\caches\\transforms-2\\files-2.1\\7a1c7f15582070a164abe18a772c4fa2\\res\\values-pa\\values-pa.xml",
                    "from": {
                        "startLines": "2,3,4,5,6,7,8,9,10,11,12,13,14,15,16,17,18,19,20,21,22,23,24",
                        "startColumns": "4,4,4,4,4,4,4,4,4,4,4,4,4,4,4,4,4,4,4,4,4,4,4",
                        "startOffsets": "55,220,350,498,611,697,786,870,960,1049,1163,1277,1372,1467,1579,1710,1790,1876,2052,2147,2255,2370,2480",
                        "endColumns": "164,129,147,112,85,88,83,89,88,113,113,94,94,111,130,79,85,175,94,107,114,109,164",
                        "endOffsets": "215,345,493,606,692,781,865,955,1044,1158,1272,1367,1462,1574,1705,1785,1871,2047,2142,2250,2365,2475,2640"
                    },
                    "to": {
                        "startLines": "19,20,21,22,23,24,25,26,27,28,29,30,31,32,33,34,35,36,37,38,39,40,41",
                        "startColumns": "4,4,4,4,4,4,4,4,4,4,4,4,4,4,4,4,4,4,4,4,4,4,4",
                        "startOffsets": "1820,1985,2115,2263,2376,2462,2551,2635,2725,2814,2928,3042,3137,3232,3344,3475,3555,3641,3817,3912,4020,4135,4245",
                        "endColumns": "164,129,147,112,85,88,83,89,88,113,113,94,94,111,130,79,85,175,94,107,114,109,164",
                        "endOffsets": "1980,2110,2258,2371,2457,2546,2630,2720,2809,2923,3037,3132,3227,3339,3470,3550,3636,3812,3907,4015,4130,4240,4405"
                    }
                },
                {
                    "source": "C:\\Users\\Administrator\\.gradle\\caches\\transforms-2\\files-2.1\\0cc8fc51745617bc8893e734f3da3890\\res\\values-pa\\values-pa.xml",
                    "from": {
                        "startLines": "2",
                        "startColumns": "4",
                        "startOffsets": "55",
                        "endColumns": "100",
                        "endOffsets": "151"
                    },
                    "to": {
                        "startLines": "43",
                        "startColumns": "4",
                        "startOffsets": "4490",
                        "endColumns": "100",
                        "endOffsets": "4586"
                    }
                },
                {
                    "source": "C:\\Users\\Administrator\\.gradle\\caches\\transforms-2\\files-2.1\\0519992c238d843ded62a6126a94e447\\res\\values-pa\\values-pa.xml",
                    "from": {
                        "startLines": "2,3,4,5,6,7,8,9,10,11,12,13,14,15,16,17,18,19",
                        "startColumns": "4,4,4,4,4,4,4,4,4,4,4,4,4,4,4,4,4,4",
                        "startOffsets": "105,208,305,410,496,596,709,786,862,941,1042,1146,1243,1352,1451,1561,1720,1820",
                        "endColumns": "102,96,104,85,99,112,76,75,78,100,103,96,108,98,109,158,99,79",
                        "endOffsets": "203,300,405,491,591,704,781,857,936,1037,1141,1238,1347,1446,1556,1715,1815,1895"
                    },
                    "to": {
                        "startLines": "2,3,4,5,6,7,8,9,10,11,12,13,14,15,16,17,18,42",
                        "startColumns": "4,4,4,4,4,4,4,4,4,4,4,4,4,4,4,4,4,4",
                        "startOffsets": "105,208,305,410,496,596,709,786,862,941,1042,1146,1243,1352,1451,1561,1720,4410",
                        "endColumns": "102,96,104,85,99,112,76,75,78,100,103,96,108,98,109,158,99,79",
                        "endOffsets": "203,300,405,491,591,704,781,857,936,1037,1141,1238,1347,1446,1556,1715,1815,4485"
                    }
                }
            ]
        }
    ]
}