{
    "logs": [
        {
            "outputFile": "D:\\workplace_20200310\\EODemo\\build\\intermediates\\incremental\\mergeDebugResources\\merged.dir\\values-nl\\values-nl.xml",
            "map": [
                {
                    "source": "C:\\Users\\Administrator\\.gradle\\caches\\transforms-2\\files-2.1\\7a1c7f15582070a164abe18a772c4fa2\\res\\values-nl\\values-nl.xml",
                    "from": {
                        "startLines": "2,3,4,5,6,7,8,9,10,11,12,13,14,15,16,17,18,19,20,21,22,23,24",
                        "startColumns": "4,4,4,4,4,4,4,4,4,4,4,4,4,4,4,4,4,4,4,4,4,4,4",
                        "startOffsets": "55,212,347,495,606,695,788,863,955,1047,1160,1270,1362,1454,1555,1671,1756,1838,2033,2127,2235,2348,2459",
                        "endColumns": "156,134,147,110,88,92,74,91,91,112,109,91,91,100,115,84,81,194,93,107,112,110,143",
                        "endOffsets": "207,342,490,601,690,783,858,950,1042,1155,1265,1357,1449,1550,1666,1751,1833,2028,2122,2230,2343,2454,2598"
                    },
                    "to": {
                        "startLines": "19,20,21,22,23,24,25,26,27,28,29,30,31,32,33,34,35,36,37,38,39,40,41",
                        "startColumns": "4,4,4,4,4,4,4,4,4,4,4,4,4,4,4,4,4,4,4,4,4,4,4",
                        "startOffsets": "1888,2045,2180,2328,2439,2528,2621,2696,2788,2880,2993,3103,3195,3287,3388,3504,3589,3671,3866,3960,4068,4181,4292",
                        "endColumns": "156,134,147,110,88,92,74,91,91,112,109,91,91,100,115,84,81,194,93,107,112,110,143",
                        "endOffsets": "2040,2175,2323,2434,2523,2616,2691,2783,2875,2988,3098,3190,3282,3383,3499,3584,3666,3861,3955,4063,4176,4287,4431"
                    }
                },
                {
                    "source": "C:\\Users\\Administrator\\.gradle\\caches\\transforms-2\\files-2.1\\0519992c238d843ded62a6126a94e447\\res\\values-nl\\values-nl.xml",
                    "from": {
                        "startLines": "2,3,4,5,6,7,8,9,10,11,12,13,14,15,16,17,18,19",
                        "startColumns": "4,4,4,4,4,4,4,4,4,4,4,4,4,4,4,4,4,4",
                        "startOffsets": "105,223,328,435,521,629,749,826,903,985,1096,1200,1299,1414,1527,1630,1785,1888",
                        "endColumns": "117,104,106,85,107,119,76,76,81,110,103,98,114,112,102,154,102,81",
                        "endOffsets": "218,323,430,516,624,744,821,898,980,1091,1195,1294,1409,1522,1625,1780,1883,1965"
                    },
                    "to": {
                        "startLines": "2,3,4,5,6,7,8,9,10,11,12,13,14,15,16,17,18,42",
                        "startColumns": "4,4,4,4,4,4,4,4,4,4,4,4,4,4,4,4,4,4",
                        "startOffsets": "105,223,328,435,521,629,749,826,903,985,1096,1200,1299,1414,1527,1630,1785,4436",
                        "endColumns": "117,104,106,85,107,119,76,76,81,110,103,98,114,112,102,154,102,81",
                        "endOffsets": "218,323,430,516,624,744,821,898,980,1091,1195,1294,1409,1522,1625,1780,1883,4513"
                    }
                },
                {
                    "source": "C:\\Users\\Administrator\\.gradle\\caches\\transforms-2\\files-2.1\\0cc8fc51745617bc8893e734f3da3890\\res\\values-nl\\values-nl.xml",
                    "from": {
                        "startLines": "2",
                        "startColumns": "4",
                        "startOffsets": "55",
                        "endColumns": "100",
                        "endOffsets": "151"
                    },
                    "to": {
                        "startLines": "43",
                        "startColumns": "4",
                        "startOffsets": "4518",
                        "endColumns": "100",
                        "endOffsets": "4614"
                    }
                }
            ]
        }
    ]
}