{
    "logs": [
        {
            "outputFile": "D:\\workplace_20200310\\EODemo\\build\\intermediates\\incremental\\mergeDebugResources\\merged.dir\\values-hu\\values-hu.xml",
            "map": [
                {
                    "source": "C:\\Users\\Administrator\\.gradle\\caches\\transforms-2\\files-2.1\\0519992c238d843ded62a6126a94e447\\res\\values-hu\\values-hu.xml",
                    "from": {
                        "startLines": "2,3,4,5,6,7,8,9,10,11,12,13,14,15,16,17,18,19",
                        "startColumns": "4,4,4,4,4,4,4,4,4,4,4,4,4,4,4,4,4,4",
                        "startOffsets": "105,213,318,433,517,629,759,835,911,994,1104,1215,1315,1426,1534,1653,1835,1938",
                        "endColumns": "107,104,114,83,111,129,75,75,82,109,110,99,110,107,118,181,102,82",
                        "endOffsets": "208,313,428,512,624,754,830,906,989,1099,1210,1310,1421,1529,1648,1830,1933,2016"
                    },
                    "to": {
                        "startLines": "2,3,4,5,6,7,8,9,10,11,12,13,14,15,16,17,18,42",
                        "startColumns": "4,4,4,4,4,4,4,4,4,4,4,4,4,4,4,4,4,4",
                        "startOffsets": "105,213,318,433,517,629,759,835,911,994,1104,1215,1315,1426,1534,1653,1835,4546",
                        "endColumns": "107,104,114,83,111,129,75,75,82,109,110,99,110,107,118,181,102,82",
                        "endOffsets": "208,313,428,512,624,754,830,906,989,1099,1210,1310,1421,1529,1648,1830,1933,4624"
                    }
                },
                {
                    "source": "C:\\Users\\Administrator\\.gradle\\caches\\transforms-2\\files-2.1\\7a1c7f15582070a164abe18a772c4fa2\\res\\values-hu\\values-hu.xml",
                    "from": {
                        "startLines": "2,3,4,5,6,7,8,9,10,11,12,13,14,15,16,17,18,19,20,21,22,23,24",
                        "startColumns": "4,4,4,4,4,4,4,4,4,4,4,4,4,4,4,4,4,4,4,4,4,4,4",
                        "startOffsets": "55,229,358,511,622,706,794,870,959,1049,1164,1277,1374,1471,1577,1709,1791,1877,2071,2167,2273,2388,2504",
                        "endColumns": "173,128,152,110,83,87,75,88,89,114,112,96,96,105,131,81,85,193,95,105,114,115,158",
                        "endOffsets": "224,353,506,617,701,789,865,954,1044,1159,1272,1369,1466,1572,1704,1786,1872,2066,2162,2268,2383,2499,2658"
                    },
                    "to": {
                        "startLines": "19,20,21,22,23,24,25,26,27,28,29,30,31,32,33,34,35,36,37,38,39,40,41",
                        "startColumns": "4,4,4,4,4,4,4,4,4,4,4,4,4,4,4,4,4,4,4,4,4,4,4",
                        "startOffsets": "1938,2112,2241,2394,2505,2589,2677,2753,2842,2932,3047,3160,3257,3354,3460,3592,3674,3760,3954,4050,4156,4271,4387",
                        "endColumns": "173,128,152,110,83,87,75,88,89,114,112,96,96,105,131,81,85,193,95,105,114,115,158",
                        "endOffsets": "2107,2236,2389,2500,2584,2672,2748,2837,2927,3042,3155,3252,3349,3455,3587,3669,3755,3949,4045,4151,4266,4382,4541"
                    }
                },
                {
                    "source": "C:\\Users\\Administrator\\.gradle\\caches\\transforms-2\\files-2.1\\0cc8fc51745617bc8893e734f3da3890\\res\\values-hu\\values-hu.xml",
                    "from": {
                        "startLines": "2",
                        "startColumns": "4",
                        "startOffsets": "55",
                        "endColumns": "100",
                        "endOffsets": "151"
                    },
                    "to": {
                        "startLines": "43",
                        "startColumns": "4",
                        "startOffsets": "4629",
                        "endColumns": "100",
                        "endOffsets": "4725"
                    }
                }
            ]
        }
    ]
}