{
    "logs": [
        {
            "outputFile": "D:\\workplace_20200310\\EODemo\\build\\intermediates\\incremental\\mergeDebugResources\\merged.dir\\values-kn\\values-kn.xml",
            "map": [
                {
                    "source": "C:\\Users\\Administrator\\.gradle\\caches\\transforms-2\\files-2.1\\0519992c238d843ded62a6126a94e447\\res\\values-kn\\values-kn.xml",
                    "from": {
                        "startLines": "2,3,4,5,6,7,8,9,10,11,12,13,14,15,16,17,18,19",
                        "startColumns": "4,4,4,4,4,4,4,4,4,4,4,4,4,4,4,4,4,4",
                        "startOffsets": "105,223,335,448,536,643,770,847,924,1006,1122,1233,1332,1445,1549,1663,1827,1927",
                        "endColumns": "117,111,112,87,106,126,76,76,81,115,110,98,112,103,113,163,99,81",
                        "endOffsets": "218,330,443,531,638,765,842,919,1001,1117,1228,1327,1440,1544,1658,1822,1922,2004"
                    },
                    "to": {
                        "startLines": "2,3,4,5,6,7,8,9,10,11,12,13,14,15,16,17,18,42",
                        "startColumns": "4,4,4,4,4,4,4,4,4,4,4,4,4,4,4,4,4,4",
                        "startOffsets": "105,223,335,448,536,643,770,847,924,1006,1122,1233,1332,1445,1549,1663,1827,4532",
                        "endColumns": "117,111,112,87,106,126,76,76,81,115,110,98,112,103,113,163,99,81",
                        "endOffsets": "218,330,443,531,638,765,842,919,1001,1117,1228,1327,1440,1544,1658,1822,1922,4609"
                    }
                },
                {
                    "source": "C:\\Users\\Administrator\\.gradle\\caches\\transforms-2\\files-2.1\\0cc8fc51745617bc8893e734f3da3890\\res\\values-kn\\values-kn.xml",
                    "from": {
                        "startLines": "2",
                        "startColumns": "4",
                        "startOffsets": "55",
                        "endColumns": "100",
                        "endOffsets": "151"
                    },
                    "to": {
                        "startLines": "43",
                        "startColumns": "4",
                        "startOffsets": "4614",
                        "endColumns": "100",
                        "endOffsets": "4710"
                    }
                },
                {
                    "source": "C:\\Users\\Administrator\\.gradle\\caches\\transforms-2\\files-2.1\\7a1c7f15582070a164abe18a772c4fa2\\res\\values-kn\\values-kn.xml",
                    "from": {
                        "startLines": "2,3,4,5,6,7,8,9,10,11,12,13,14,15,16,17,18,19,20,21,22,23,24",
                        "startColumns": "4,4,4,4,4,4,4,4,4,4,4,4,4,4,4,4,4,4,4,4,4,4,4",
                        "startOffsets": "55,223,355,498,613,705,790,874,966,1057,1176,1294,1386,1478,1586,1710,1793,1876,2073,2169,2269,2385,2491",
                        "endColumns": "167,131,142,114,91,84,83,91,90,118,117,91,91,107,123,82,82,196,95,99,115,105,168",
                        "endOffsets": "218,350,493,608,700,785,869,961,1052,1171,1289,1381,1473,1581,1705,1788,1871,2068,2164,2264,2380,2486,2655"
                    },
                    "to": {
                        "startLines": "19,20,21,22,23,24,25,26,27,28,29,30,31,32,33,34,35,36,37,38,39,40,41",
                        "startColumns": "4,4,4,4,4,4,4,4,4,4,4,4,4,4,4,4,4,4,4,4,4,4,4",
                        "startOffsets": "1927,2095,2227,2370,2485,2577,2662,2746,2838,2929,3048,3166,3258,3350,3458,3582,3665,3748,3945,4041,4141,4257,4363",
                        "endColumns": "167,131,142,114,91,84,83,91,90,118,117,91,91,107,123,82,82,196,95,99,115,105,168",
                        "endOffsets": "2090,2222,2365,2480,2572,2657,2741,2833,2924,3043,3161,3253,3345,3453,3577,3660,3743,3940,4036,4136,4252,4358,4527"
                    }
                }
            ]
        }
    ]
}